å¤§æ ‡é¢˜_cn,å¤§æ ‡é¢˜_vi,å°æ ‡é¢˜_cn,å°æ ‡é¢˜_vi,è¯é¢˜,å¯¹æ–¹ phÃ­a bÃªn kia,1-5è¯„åˆ†ï¼ˆÄÃ¡nh giÃ¡ giá»‘ng con ngÆ°á»iï¼‰,å¤‡æ³¨ï¼ˆÄiá»u gÃ¬ lÃ m dáº¥y lÃªn nghi ngá» vá» AIï¼‰,ç±»å‹åˆ†ç±»,
åˆè¯†é—®å§“åå¹´é¾„å®¶ä¹¡,"LÃ m quen há»i tÃªn, tuá»•i, quÃª",1.,1.,"ChÃ o a nÃ¨, a tÃªn gÃ¬ dzáº­y áº¡",,,,1.å·¥ä½œ/èŒä½/å·¥ä½œå¹´é™,å¯ä»¥ç”¨äºæ›´é«˜çº§çš„æ–¹å¼ï¼Œä¾‹å¦‚é€šè¿‡è´­ä¹°åˆ«å¢…æˆ–å…¬å¯“æ¥ç»“äº¤æœ‹å‹ã€‚ ï¼ˆæ˜¨å¤©æœ‰äººä»‹ç»ä½ çš„è„¸ä¹¦ç»™æˆ‘ä¹°å…¬å¯“ï¼‰
åˆè¯†é—®å§“åå¹´é¾„å®¶ä¹¡,"LÃ m quen há»i tÃªn, tuá»•i, quÃª",1.,1.,TÃªn fb cá»§a a cÃ³ pháº£i tÃªn gá»i háº±ng ngÃ y cá»§a a ko Ã¡,,,,2.å®¶åº­æƒ…å†µ/å®¶åº­æˆå‘˜,
åˆè¯†é—®å§“åå¹´é¾„å®¶ä¹¡,"LÃ m quen há»i tÃªn, tuá»•i, quÃª",1.,1.,"A sn bao nhiÃªu váº­y nÃ¨, nhÃ¬n a chá»¯ng cháº¡c tháº¿ kia e Ä‘oÃ¡n táº§m 35t Ä‘Ãºng ko a? E Ä‘oÃ¡n Ä‘áº¡i thÃ´i Ä‘á»«ng cÃ³ giáº­n e Ä‘Ã³ nha hihi :))",,,,3.å¹´é¾„,
åˆè¯†é—®å§“åå¹´é¾„å®¶ä¹¡,"LÃ m quen há»i tÃªn, tuá»•i, quÃª",1.,1.,"NhÃ  a á»Ÿ SG lun hay Ä‘ang lÃ m viá»‡c á»Ÿ Ä‘Ã³ váº­y nÃ¨, e quÃª miá»n tÃ¢y nhÆ°ng mÃ  giá» e Ä‘ang lÃ m viá»‡c á»Ÿ SG",,,,4.å…´è¶£çˆ±å¥½,
åˆè¯†é—®å§“åå¹´é¾„å®¶ä¹¡,"LÃ m quen há»i tÃªn, tuá»•i, quÃª",1.,1.,"E tÃ² mÃ² xÃ­u, a lÃ m cv gÃ¬ dzáº¡? NhÃ¬n a tráº¯ng tráº»o thÆ° sinh quÃ¡, cháº¯c lÃ m vÄƒn phÃ²ng hay lÃ m cv nháº¹ nhÃ ng trong mÃ¡y láº¡nh hen",,,,5.å©šå§»çŠ¶å†µ,
åˆè¯†é—®å§“åå¹´é¾„å®¶ä¹¡,"LÃ m quen há»i tÃªn, tuá»•i, quÃª",1.,1.,"MÃ  a Ä‘i lÃ m xa záº­y, á»Ÿ nhÃ  ba máº¹ cÃ³ ai chÄƒm lo hÃ´ng? A cÃ³ máº¥y a chá»‹ e láº­n, a Ä‘ang á»Ÿ chung nhÃ  hay á»Ÿ riÃªng rÃ¹i Ã¡",,,,6.å­å¥³æƒ…å†µ,
åˆè¯†é—®å§“åå¹´é¾„å®¶ä¹¡,"LÃ m quen há»i tÃªn, tuá»•i, quÃª",2. ,2. ,"Dáº¡ chÃ o a, e hÃ´ng biáº¿t má»Ÿ lá»i sao cho tá»± nhiÃªn ná»¯aâ€¦ nhÆ°ng mÃ â€¦ tháº¥y a dá»… máº¿n quÃ¡ nÃªn e má»›i dÃ¡m nháº¯n nÃ¨ ğŸ˜³",,,,7.å§“å,
åˆè¯†é—®å§“åå¹´é¾„å®¶ä¹¡,"LÃ m quen há»i tÃªn, tuá»•i, quÃª",2. ,2. ,"A cho e xin phÃ©p há»i, a tÃªn gÃ¬ dzáº­y áº¡?",,,,8.å®¶ä¹¡,
åˆè¯†é—®å§“åå¹´é¾„å®¶ä¹¡,"LÃ m quen há»i tÃªn, tuá»•i, quÃª",2. ,2. ,TÃªn fb lÃ  tÃªn thiá»‡t hay Ä‘á»ƒ váº­y cho ngáº§u Ã¡ a ğŸ˜„,,,,9.æ‰€åœ¨åœ°,
åˆè¯†é—®å§“åå¹´é¾„å®¶ä¹¡,"LÃ m quen há»i tÃªn, tuá»•i, quÃª",2. ,2. ,NhÃ¬n a váº­y cháº¯c cÅ©ng ngoÃ i 30 hÃ´ng a..E Ä‘oÃ¡n Ä‘áº¡i chá»› trÃºng thÃ¬ hÃªn nhen hihi,,,,10.ç¾é£Ÿ/é£Ÿç‰©çˆ±å¥½,
åˆè¯†é—®å§“åå¹´é¾„å®¶ä¹¡,"LÃ m quen há»i tÃªn, tuá»•i, quÃª",2. ,2. ,"Chá»¯ng cháº¡c, phong Ä‘á»™ mÃ  váº«n cÃ³ nÃ©t hiá»n ghÃª luÃ´n Ã¡ nha",,,,11.æ‰¾å…±åŒè¯é¢˜,
åˆè¯†é—®å§“åå¹´é¾„å®¶ä¹¡,"LÃ m quen há»i tÃªn, tuá»•i, quÃª",2. ,2. ,A á»Ÿ SG lun hay Ä‘ang lÃ m viá»‡c trÃªn Ä‘Ã³ thÃ´i váº­y nÃ¨?,,,,12.æ ‘ç«‹è‡ªèº«å½¢è±¡,
åˆè¯†é—®å§“åå¹´é¾„å®¶ä¹¡,"LÃ m quen há»i tÃªn, tuá»•i, quÃª",2. ,2. ,"E thÃ¬ dÃ¢n miá»n TÃ¢y chÃ­nh hiá»‡u, mÃ  giá» e lÃªn SG lÃ m Äƒn rá»“i Ã¡, lÃ¢u lÃ¢u cÃ³ Ä‘Ã¡m tiá»‡c má»›i vá» quÃª",,,,13.å–œæ¬¢çš„æ—…è¡Œåœ°ç‚¹,
åˆè¯†é—®å§“åå¹´é¾„å®¶ä¹¡,"LÃ m quen há»i tÃªn, tuá»•i, quÃª",2. ,2. ,NhÃ¬n a phong Ä‘á»™ quÃ¡ trá»i cháº¯c lÃ m chá»§ cáº£ hoáº·c sáº¿p lá»›n gÃ¬ á»Ÿ trÃªn Ä‘Ã¢y Ä‘Ãºng hem nÃ¨ :)),,,,14.æ¢¦æƒ³,
åˆè¯†é—®å§“åå¹´é¾„å®¶ä¹¡,"LÃ m quen há»i tÃªn, tuá»•i, quÃª",2. ,2. ,"MÃ  a Ä‘i lÃ m váº­y rá»“i nhÃ  cá»­a ai lo, ba máº¹ a á»Ÿ vá»›i ai dzáº¡? A á»Ÿ riÃªng hay cÃ²n chung vá»›i gia Ä‘Ã¬nh nÃ¨",,,,15.éŸ³ä¹/ç”µå½±,
åˆè¯†é—®å§“åå¹´é¾„å®¶ä¹¡,"LÃ m quen há»i tÃªn, tuá»•i, quÃª",3.,3.,Dáº¡ em chÃ o aâ€¦ tháº¥y fb a kiá»ƒu gÃ¬ Ä‘Ã³ lÃ m ngÆ°á»i ta muá»‘n báº¯t chuyá»‡n thá»­ Ã¡ ğŸ˜‡,,,,16.åˆ†äº«å¿ƒæƒ…,
åˆè¯†é—®å§“åå¹´é¾„å®¶ä¹¡,"LÃ m quen há»i tÃªn, tuá»•i, quÃª",3.,3.,KhÃ´ng biáº¿t a cÃ³ phiá»n khÃ´ng náº¿u e há»i tÃªn a lÃ  gÃ¬ nÃ¨,,,,17.ä»Šæ—¥å¤©æ°”,
åˆè¯†é—®å§“åå¹´é¾„å®¶ä¹¡,"LÃ m quen há»i tÃªn, tuá»•i, quÃª",3.,3.,"NhÃ¬n a cÃ³ váº» Ä‘iá»m Ä‘áº¡m láº¯m luÃ´n Ã¡, a sn bao nhiÃªu Ã½",,,,18.ä»Šå¤©åšäº†æŸäº‹/è®¡åˆ’æŸäº‹,
åˆè¯†é—®å§“åå¹´é¾„å®¶ä¹¡,"LÃ m quen há»i tÃªn, tuá»•i, quÃª",3.,3.,Äáº¹p trai nhÆ° nÃ y cháº¯c nhiá»u ngÆ°á»i inbox láº¯m ha..,,,,19.æ—¥å¸¸ç”Ÿæ´»ä¹ æƒ¯,
åˆè¯†é—®å§“åå¹´é¾„å®¶ä¹¡,"LÃ m quen há»i tÃªn, tuá»•i, quÃª",3.,3.,"NÃ³i thiá»‡t nha, a lÃ  kiá»ƒu lÆ°á»›t ngang qua lÃ  pháº£i stop láº¡i nhÃ¬n láº§n 2 Ã¡ ğŸ˜…",,,,20.å¥èº«,
åˆè¯†é—®å§“åå¹´é¾„å®¶ä¹¡,"LÃ m quen há»i tÃªn, tuá»•i, quÃª",3.,3.,"A Ä‘ang sá»‘ng á»Ÿ Ä‘Ã¢u váº­y nÃ¨.  E thÃ¬ quÃª á»Ÿ miá»n TÃ¢y, nhÆ°ng lÃªn SG lÃ m viá»‡c máº¥y nÄƒm rÃ¹i",,,,21.å·¥ä½œæ—¶é—´/ä¼‘æ¯æ—¶é—´/ç”Ÿç‰©é’Ÿ,
åˆè¯†é—®å§“åå¹´é¾„å®¶ä¹¡,"LÃ m quen há»i tÃªn, tuá»•i, quÃª",3.,3.,"A Ä‘ang lÃ m cÃ´ng viá»‡c gÃ¬ váº­y áº¡? Tháº¥y tráº¯ng tráº»o thÆ° sinh ghÃª, cháº¯c há»•ng pháº£i Ä‘i ngoÃ i trá»i nhiá»u Ä‘Ã¢u hen?",,,,"22.å‡æœŸå®‰æ’,æƒ³åšçš„äº‹",
åˆè¯†é—®å§“åå¹´é¾„å®¶ä¹¡,"LÃ m quen há»i tÃªn, tuá»•i, quÃª",3.,3.,MÃ  á»Ÿ nhÃ  ba máº¹ a cÃ²n khá»e hÃ´ng? A cÃ³ Ä‘Ã´ng anh chá»‹ em hÃ´ng v? Giá» Ä‘ang á»Ÿ riÃªng hay cÃ²n á»Ÿ vá»›i gia Ä‘Ã¬nh dzáº¡?,,,,23.å°ç§˜å¯†åˆ†äº«,
åˆè¯†é—®å§“åå¹´é¾„å®¶ä¹¡,"LÃ m quen há»i tÃªn, tuá»•i, quÃª",4.,4.,Hello aaaa,,,,24.å»ºç«‹å®‰å…¨æ„Ÿ,
åˆè¯†é—®å§“åå¹´é¾„å®¶ä¹¡,"LÃ m quen há»i tÃªn, tuá»•i, quÃª",4.,4.,Cho e há»i a tÃªn gÃ¬ záº¡,,,,25.å»ºç«‹ä¿¡ä»»æ„Ÿ,
åˆè¯†é—®å§“åå¹´é¾„å®¶ä¹¡,"LÃ m quen há»i tÃªn, tuá»•i, quÃª",4.,4.,Fb cá»§a a lÃ  tÃªn thiá»‡t hong Ä‘Ã³ hay nickname Ä‘á»ƒ záº­y thÃ´i nÃ¨,,,,26.æœ‹å‹/ç¤¾äº¤/èšä¼š/ç¤¾äº¤æ´»åŠ¨,
åˆè¯†é—®å§“åå¹´é¾„å®¶ä¹¡,"LÃ m quen há»i tÃªn, tuá»•i, quÃª",4.,4.,"A nhÃ¬n chá»¯ng cháº¡c quÃ¡ hÃ , cháº¯c cÅ©ng ngoÃ i 35t hen a! E chá»‰ Ä‘oÃ¡n Ä‘áº¡i Ã¡, trÃºng thÃ¬ do hÃªn cÃ²n hÃ´ng trÃ¹n thÃ¬ hÃ´i nha :))",,,,27.å¯¹é‡‘é’±çš„çœ‹æ³•/æ€åº¦,
åˆè¯†é—®å§“åå¹´é¾„å®¶ä¹¡,"LÃ m quen há»i tÃªn, tuá»•i, quÃª",4.,4.,NhÃ  a á»Ÿ SG lun hÃ´ng hay lÃ  á»Ÿ quÃª lÃªn Ä‘Ã¢y lÃ m Äƒn thÃ´i.,,,,28.é‡åˆ°å›°éš¾æ€ä¹ˆåŠ,
åˆè¯†é—®å§“åå¹´é¾„å®¶ä¹¡,"LÃ m quen há»i tÃªn, tuá»•i, quÃª",4.,4.,"E thÃ¬ gá»‘c miá»n tÃ¢y Ã¡, giá» cáº¯m dÃ¹ á»Ÿ SG lun gÃ²i ne hihi",,,,29.æ”¶å…¥/å·¥èµ„,
åˆè¯†é—®å§“åå¹´é¾„å®¶ä¹¡,"LÃ m quen há»i tÃªn, tuá»•i, quÃª",4.,4.,"A Ä‘ang lÃ m cÃ´ng viá»‡c gÃ¬ váº­y nÃ¨, nhÃ¬n Ä‘Ã n Ã´ng phong Ä‘á»™ quÃ¡ cháº¯c a lÃ m sáº¿p lá»›n hay Ã´ng chá»§ pháº£i k nÃ¨",,,,30.å›ºå®šèµ„äº§/è½¦/æˆ¿/åº—é¢/åœŸåœ°/å…¶ä»–,
åˆè¯†é—®å§“åå¹´é¾„å®¶ä¹¡,"LÃ m quen há»i tÃªn, tuá»•i, quÃª",4.,4.,CÃ´ng viá»‡c cá»§a a cÃ³ Ã¡p lá»±c láº¯m hÃ´ng a,,,,31.æƒ³å°è¯•çš„æ–°é¢†åŸŸ,
åˆè¯†é—®å§“åå¹´é¾„å®¶ä¹¡,"LÃ m quen há»i tÃªn, tuá»•i, quÃª",4.,4.,MÃ  giá» a á»Ÿ riÃªng hay cÃ²n á»Ÿ chung vá»›i ba máº¹ dzáº¡? NhÃ  cÃ³ Ä‘Ã´ng anh chá»‹ em hÃ´ng,,,,32.ç›®æ ‡è§„åˆ’,
åˆè¯†é—®å§“åå¹´é¾„å®¶ä¹¡,"LÃ m quen há»i tÃªn, tuá»•i, quÃª",5.,5.,"Dáº¡â€¦ cho e há»i chÃºt nhen, a tÃªn gÃ¬ váº­y áº¡â€¦",,,,33.å¯¹çˆ±æƒ…/å©šå§»çš„æœŸæœ›,
åˆè¯†é—®å§“åå¹´é¾„å®¶ä¹¡,"LÃ m quen há»i tÃªn, tuá»•i, quÃª",5.,5.,E tháº¥y a cÃ³ váº» hiá»n nÃªn muá»‘n lÃ m quen Ã¡ :)),,,,34.å®¶åº­/å„¿ç«¥è®¡åˆ’,
åˆè¯†é—®å§“åå¹´é¾„å®¶ä¹¡,"LÃ m quen há»i tÃªn, tuá»•i, quÃª",5.,5.,TÃªn fb cá»§a a lÃ  tÃªn thiá»‡t luÃ´n hong váº­y a hay chá»‰ dÃ¹ng trÃªn máº¡ng xÃ£ há»™i thÃ´i nÃ¨,,,,35.æŠ•èµ„ç»å†,
åˆè¯†é—®å§“åå¹´é¾„å®¶ä¹¡,"LÃ m quen há»i tÃªn, tuá»•i, quÃª",5.,5.,"E Ä‘oÃ¡n a cháº¯c táº§m 35t Ã¡, nhÃ¬n chá»¯ng cháº¡c mÃ  cÅ©ng hiá»n ná»¯aâ€¦ há»•ng biáº¿t trÃºng hÃ´ng ğŸ˜…",,,,36.æ„Ÿæƒ…ç»å†,
åˆè¯†é—®å§“åå¹´é¾„å®¶ä¹¡,"LÃ m quen há»i tÃªn, tuá»•i, quÃª",5.,5.,A lÃ  ng gá»‘c SG luÃ´n hay á»Ÿ Ä‘Ã¢y Ä‘i lÃ m thÃ´i dzáº¡? E thÃ¬ quÃª á»Ÿ miá»n TÃ¢y nhÆ°ng lÃªn SG lÃ m viá»‡c cÅ©ng lÃ¢u Ã¹i Ã¡,,,,37.ç«¥å¹´ç»å†,
åˆè¯†é—®å§“åå¹´é¾„å®¶ä¹¡,"LÃ m quen há»i tÃªn, tuá»•i, quÃª",5.,5.,"A lÃ m trong lÄ©nh vá»±c gÃ¬ váº­y nÃ¨, nhÃ¬n a cÃ³ váº» lÃ m cÃ´ng viá»‡c nháº¹ nhÃ ng vÄƒn phÃ²ng hay gÃ¬ Ä‘Ã³ nháº¹ nhÃ ng k pháº£i kiá»ƒu lao Ä‘á»™ng chÃ¢n tay nÃ¨",,,,38.æˆé•¿ç»å†,
åˆè¯†é—®å§“åå¹´é¾„å®¶ä¹¡,"LÃ m quen há»i tÃªn, tuá»•i, quÃª",5.,5.,Ã€ mÃ  giá» a Ä‘ang sá»‘ng riÃªng hay á»Ÿ cÃ¹ng gia Ä‘Ã¬nh,,,,39.å¼•å‡ºåŠ å¯†è´§å¸è¯é¢˜,
åˆè¯†é—®å§“åå¹´é¾„å®¶ä¹¡,"LÃ m quen há»i tÃªn, tuá»•i, quÃª",5.,5.,NhÃ  a cÃ³ Ä‘Ã´ng anh chá»‹ em khÃ´ng? Ba máº¹ a  cÃ²n khá»e háº¿t a ha,,,,40.èŠå¤©ä¸­åˆ†äº«æŠ•èµ„ç¨³å®šæ”¶ç›Š,
è¯¢é—®å·¥ä½œ,Há»i thÄƒm cÃ´ng viá»‡c,å¦‚æœåœ¨å…¬å¸å·¥ä½œ,Náº¿u lÃ m cty,A Ä‘ang lÃ m cÃ´ng viá»‡c gÃ¬ váº­y nÃ¨ ká»ƒ Ä‘Æ°á»£c hÃ´ng? ğŸ˜Š,,,,42.å¦‚æœæœ‰é’±ä»¥åæƒ³å»å“ªé‡Œæ—…è¡Œ,
è¯¢é—®å·¥ä½œ,Há»i thÄƒm cÃ´ng viá»‡c,å¦‚æœåœ¨å…¬å¸å·¥ä½œ,Náº¿u lÃ m cty,A lÃ m á»Ÿ Ä‘Ã¢u dáº¡ cÃ³ gáº§n nhÃ  hÃ´ng hay pháº£i cháº¡y xa má»—i ngÃ y váº­y a? E thÃ¬ kinh doanh online  á»Ÿ shop Ã­t pháº£i ra ngoÃ i,,,,43.å¦‚æœæœ‰é’±ä»¥åæƒ³è¿‡ä»€ä¹ˆæ ·çš„ç”Ÿæ´»,
è¯¢é—®å·¥ä½œ,Há»i thÄƒm cÃ´ng viá»‡c,å¦‚æœåœ¨å…¬å¸å·¥ä½œ,Náº¿u lÃ m cty,Má»—i ngÃ y Ä‘i lÃ m a cÃ³ pháº£i dáº­y sá»›m hÃ´ng? E thÃ¬ mÃª ngá»§ láº¯m luÃ´n Ã¡ ğŸ˜…,,,,44.å€¾å¬å¹¶ç…§æ–™æƒ…ç»ª,
è¯¢é—®å·¥ä½œ,Há»i thÄƒm cÃ´ng viá»‡c,å¦‚æœåœ¨å…¬å¸å·¥ä½œ,Náº¿u lÃ m cty,Cty cá»§a a thuá»™c ngÃ nh gÃ¬ dzáº¡? E nghe cho biáº¿t thÃªm thÃ´i chá»› há»•ng rÃ nh ngÃ nh nghá» máº¥y,,,,45.æµåŠ¨èµ„äº§/å­˜æ¬¾/è‚¡ç¥¨/å¤–æ±‡/åŸºé‡‘/åŠ å¯†è´§å¸/å…¶ä»–,
è¯¢é—®å·¥ä½œ,Há»i thÄƒm cÃ´ng viá»‡c,å¦‚æœåœ¨å…¬å¸å·¥ä½œ,Náº¿u lÃ m cty,"Má»—i ngÃ y Ä‘i lÃ m lÃ  a lÃ m nhá»¯ng viá»‡c gÃ¬ dáº¡, cÃ³ bá»‹ Ã¡p lá»±c nhiá»u hÃ´ng? Cv cá»§a e lÃ m viá»‡c online chá»‘t Ä‘Æ¡n nháº¹ nhÃ ng láº¯m",,,,46.åŒ…è£…å®¶äººå’Œæœ‹å‹,
è¯¢é—®å·¥ä½œ,Há»i thÄƒm cÃ´ng viá»‡c,å¦‚æœåœ¨å…¬å¸å·¥ä½œ,Náº¿u lÃ m cty,A lÃ m theo giá» hÃ nh chÃ­nh hay theo ca váº­y nÃ¨? CÃ³ thá»i gian nghá»‰ trÆ°a hÃ´ng a,,,,47.åŒ…è£…è‡ªå·±,
è¯¢é—®å·¥ä½œ,Há»i thÄƒm cÃ´ng viá»‡c,å¦‚æœåœ¨å…¬å¸å·¥ä½œ,Náº¿u lÃ m cty,A cÃ³ hay pháº£i tÄƒng ca hÃ´ng? LÃ m nhiá»u quÃ¡ dá»… má»‡t láº¯m hÃ´ngâ€¦cÃ²n e thÃ¬ chá»‰ báº­n vÃ  buá»•i tá»‘i thÃ´i Ã¡,,,,48.æ…ˆå–„äº‹ä¸š,
è¯¢é—®å·¥ä½œ,Há»i thÄƒm cÃ´ng viá»‡c,å¦‚æœåœ¨å…¬å¸å·¥ä½œ,Náº¿u lÃ m cty,"A lÃ m trong mÃ´i trÆ°á»ng Ä‘Ã´ng ngÆ°á»i hÃ´ng nÃ¨, mn cÃ³ vui váº» dá»… chá»‹u hÃ´ng? Shop e mn hoÃ i Ä‘á»“ng vui láº¯m cÆ°á»i miáº¿t thÃ´i",,,,49.åŒ…è£…è‡ªå·±åˆ›ä¸šç»å†,
è¯¢é—®å·¥ä½œ,Há»i thÄƒm cÃ´ng viá»‡c,å¦‚æœåœ¨å…¬å¸å·¥ä½œ,Náº¿u lÃ m cty,"Cv cá»§a a cÃ³ pháº£i Ä‘i láº¡i nhiá»u hÃ´ng hay lÃ m á»Ÿ cty thÃ´i váº­y nÃ¨â€¦Cv cá»§a e cá»© sÃ¡ng lÃªn lÃ  e check tin nháº¯n khÃ¡ch hÃ ng ra Ä‘Æ¡n Ä‘á»ƒ cho nhÃ¢n viÃªn soáº¡n hÃ ng mang Ä‘i giao, tá»‘i e má»›i báº­n",,,,50.[åˆ†äº«æŠ•èµ„ç¨³å®šæ”¶ç›Šå][æ„Ÿå…´è¶£]é“ºå«äº§å“,
è¯¢é—®å·¥ä½œ,Há»i thÄƒm cÃ´ng viá»‡c,å¦‚æœåœ¨å…¬å¸å·¥ä½œ,Náº¿u lÃ m cty,"Giá» Ä‘Ã³ má»›i cÃ³ khÃ¡ch tá»›i mua quáº§n Ã¡o nhiá»u, khung giá» vÃ ng Ä‘á»ƒ chá»‘t Ä‘Æ¡n Ä‘Ã³ a",,,,51.[åˆ†äº«æŠ•èµ„ç¨³å®šæ”¶ç›Šå]æ— å…´è¶£]è½¬å‘åˆ«çš„è¯é¢˜,
è¯¢é—®å·¥ä½œ,Há»i thÄƒm cÃ´ng viá»‡c,å¦‚æœåº—ä¸»/è€æ¿,Náº¿u chá»§ shop/boss,Ã€ máº§ a lÃ m cv gÃ¬ váº­y nÃ¨?,,,,52.[æ„å‘å®¢æˆ·]å¼•å¯¼äº¤æ˜“æ‰€å……å€¼,
è¯¢é—®å·¥ä½œ,Há»i thÄƒm cÃ´ng viá»‡c,å¦‚æœåº—ä¸»/è€æ¿,Náº¿u chá»§ shop/boss,á»¦a a Ä‘ang lÃ m chá»§ luÃ´n Ä‘Ã³ háº£..a má»Ÿ tiá»‡m lÃ¢u chÆ°a a,,,,"53.[æ— æ„å‘å®¢æˆ·]èŠå¤©ä¸­è‡ªç„¶çš„è®©å®¢æˆ·äº†è§£åˆ°æ”¶ç›Š,å¸å¼•å®¢æˆ·",
è¯¢é—®å·¥ä½œ,Há»i thÄƒm cÃ´ng viá»‡c,å¦‚æœåº—ä¸»/è€æ¿,Náº¿u chá»§ shop/boss,A kinh doanh bÃªn lÄ©nh vá»±c gÃ¬ váº­y nÃ¨?  E thÃ¬ má»Ÿ shop quáº§n Ã¡o vá»›i bÃ¡n má»¹ pháº©m,,,,"54.[å¤šæ¬¡æ— æ„å‘å®¢æˆ·]æ ¹æ®äº†è§£åˆ°çš„å®¢æˆ·èµ„è´¨ä¿¡æ¯åˆ¤æ–­
å¦‚æœ[å¥½]åˆ™è¿›è¡Œæœ€åä¸€æ¬¡å¸å¼•å¼•å¯¼,èµ„è´¨[ä¸å¥½]åˆ™æ”¾å¼ƒå®¢æˆ·",
è¯¢é—®å·¥ä½œ,Há»i thÄƒm cÃ´ng viá»‡c,å¦‚æœåº—ä¸»/è€æ¿,Náº¿u chá»§ shop/boss,"Tiá»‡m cá»§a a lÃ  bÃ¡n trá»±c tiáº¿p hay bÃ¡n online lÃ  chÃ­nh váº­y a. Shop e thÃ¬ online lÃ  chÃ­nh nÃ¨, bÃ¢y giá» mn chuá»™ng mua hÃ ng online",,,,55.åŠèƒƒå£,
è¯¢é—®å·¥ä½œ,Há»i thÄƒm cÃ´ng viá»‡c,å¦‚æœåº—ä¸»/è€æ¿,Náº¿u chá»§ shop/boss,Tiá»‡m a cÃ³ bao nhiÃªu chi nhÃ¡nh rá»“i nÃ¨.. cho e xin kinh nghiá»‡m vá»›i e cÅ©ng mÃºn má»Ÿ rá»™ng kinh doanh mÃ  cÃ²n nhÃ¡t Ã¡ hihi,,,,56.å¤¸èµå®¢æˆ·ç»†èŠ‚,
è¯¢é—®å·¥ä½œ,Há»i thÄƒm cÃ´ng viá»‡c,å¦‚æœåº—ä¸»/è€æ¿,Náº¿u chá»§ shop/boss,"Má»—i ngÃ y a quáº£n lÃ½ tiá»‡m cÃ³ báº­n dá»¯ hÃ´ng nÃ¨, tiá»‡m a cÃ³ nhÃ¢n viÃªn phá»¥ giÃºp cÃ¹ng hÃ´ng a..e cÅ©ng má»Ÿ shop nÃªn biáº¿t cÅ©ng cá»±c chá»› hÃ´ng cÃ³ sÆ°á»›ng nhÆ° ngta nghÄ© Ä‘Ã¢u hÃ©n a",,,,57.äº¤æ¢å½¼æ­¤ä»·å€¼è§‚,
è¯¢é—®å·¥ä½œ,Há»i thÄƒm cÃ´ng viá»‡c,å¦‚æœåº—ä¸»/è€æ¿,Náº¿u chá»§ shop/boss,á»¦a mÃ  cÃ³ hÃ´m nÃ o a Ä‘c nghá»‰ ngÆ¡i trá»n má»™t ngÃ y hÃ´ng Ã¡ hay lÃ  a cá»© quay cuá»“ng hoÃ i luÃ´nâ€¦,,,,58.æš§æ˜§,
è¯¢é—®å·¥ä½œ,Há»i thÄƒm cÃ´ng viá»‡c,å¦‚æœåº—ä¸»/è€æ¿,Náº¿u chá»§ shop/boss,"A cÃ³ hay tá»± soáº¡n hÃ ng lÃªn Ä‘Æ¡n hÃ´ng hay cÃ³ nhÃ¢n viÃªn lo háº¿t rÃ¹i a chá»‰ quáº£n lÃ½ thÃ´i? E thÃ¬ cá»© sÃ¡ng lÃªn lÃ  e check tin nháº¯n khÃ¡ch hÃ ng ra Ä‘Æ¡n Ä‘á»ƒ cho nhÃ¢n viÃªn soáº¡n hÃ ng mang Ä‘i giao, tá»‘i e má»›i báº­n",,,,59.è°ƒæƒ…,
è¯¢é—®å·¥ä½œ,Há»i thÄƒm cÃ´ng viá»‡c,å¦‚æœåº—ä¸»/è€æ¿,Náº¿u chá»§ shop/boss,"Buá»•i tá»‘i má»›i cÃ³ khÃ¡ch tá»›i mua quáº§n Ã¡o nhiá»u, khung giá» vÃ ng Ä‘á»ƒ chá»‘t Ä‘Æ¡n Ä‘Ã³ a cÃ³ giá»‘ng e hÃ´ng?",,,,60.å‡å®šå…³ç³»[å‡å¦‚æˆ‘ä»¬æ˜¯æ‹äºº/ç»“å©š],
è¯¢é—®å·¥ä½œ,Há»i thÄƒm cÃ´ng viá»‡c,å¦‚æœåº—ä¸»/è€æ¿,Náº¿u chá»§ shop/boss,Ká»‡ lÃ m nhÆ° nÃ y má»‡t mÃ  vui a hÃ©nâ€¦ tháº¥y cÃ³ khÃ¡ch Ä‘Ã´ng lÃ  sÆ°á»›ng dá»¯ láº¯m lun Ã¡,,,,61.åœºæ™¯æ¤å…¥[å‡å¦‚ç°åœ¨æˆ‘ä»¬åœ¨...],
è¯¢é—®å·¥ä½œ,Há»i thÄƒm cÃ´ng viá»‡c,å¦‚æœåº—ä¸»/è€æ¿,Náº¿u chá»§ shop/boss,Bá»¯a nÃ o e ghÃ© á»§ng há»™ Ä‘Æ°á»£c hong? Cháº¯c pháº£i Ä‘Æ°á»£c giáº£m giÃ¡ nháº¹ chá»› ta,,,,62.æç»˜æœªæ¥[é€ æ¢¦],
è¯¢é—®å·¥ä½œ,Há»i thÄƒm cÃ´ng viá»‡c,å¦‚æœåº—ä¸»/è€æ¿,Náº¿u chá»§ shop/boss,"E thÃ­ch kiá»ƒu ngÆ°á»i vá»«a biáº¿t kinh doanh, vá»«a chá»‹u khÃ³ nhÆ° a ghÃª Ã¡",,,,"63.æ¨¡ç³Šé‚€çº¦[æŠ›å‡ºè§é¢è¯é¢˜,è®©å¯¹æ–¹æœ‰æ‰€æœŸå¾…]",
è¯¢é—®å®¶åº­å©šå§»æ„Ÿæƒ…,"Há»i tÃ¬nh hÃ¬nh gia Ä‘Ã¬nh, hÃ´n nhÃ¢n, chuyá»‡n tÃ¬nh cáº£m",1.,1.,A Ä‘i lÃ m xa váº­y cÃ³ thÆ°á»ng xuyÃªn vá» thÄƒm gd ko?,,,,65.æ˜Ÿåº§,
è¯¢é—®å®¶åº­å©šå§»æ„Ÿæƒ…,"Há»i tÃ¬nh hÃ¬nh gia Ä‘Ã¬nh, hÃ´n nhÃ¢n, chuyá»‡n tÃ¬nh cáº£m",1.,1.,E thÃ¬ nhá»› máº¹ hoÃ i luÃ´n Ã¡ nhÆ°ng mÃ  lÃ¢u lÃ¢u e má»›i vá»,,,,66.å…«å¦,
è¯¢é—®å®¶åº­å©šå§»æ„Ÿæƒ…,"Há»i tÃ¬nh hÃ¬nh gia Ä‘Ã¬nh, hÃ´n nhÃ¢n, chuyá»‡n tÃ¬nh cáº£m",1.,1.,á» nhÃ  a cÃ³ hay náº¥u Äƒn ko hay lÃ  Äƒn ngoÃ i,,,,67.å¯¹å½¼æ­¤æœ‰åˆ©çš„è¯é¢˜,
è¯¢é—®å®¶åº­å©šå§»æ„Ÿæƒ…,"Há»i tÃ¬nh hÃ¬nh gia Ä‘Ã¬nh, hÃ´n nhÃ¢n, chuyá»‡n tÃ¬nh cáº£m",1.,1.,Ã€ mÃ  quÃªn há»i a cÃ³ láº­p gia Ä‘Ã¬nh chÆ°a?,,,,68.è°ƒæˆ/è°ƒä¾ƒ,
è¯¢é—®å®¶åº­å©šå§»æ„Ÿæƒ…,"Há»i tÃ¬nh hÃ¬nh gia Ä‘Ã¬nh, hÃ´n nhÃ¢n, chuyá»‡n tÃ¬nh cáº£m",1.,1.,Váº­y a váº«n Ä‘ang Ä‘á»™c thÃ¢n giá»‘ng e há»Ÿ hihi,,,,69.è§’è‰²æ‰®æ¼”,
è¯¢é—®å®¶åº­å©šå§»æ„Ÿæƒ…,"Há»i tÃ¬nh hÃ¬nh gia Ä‘Ã¬nh, hÃ´n nhÃ¢n, chuyá»‡n tÃ¬nh cáº£m",2.,2.,A sá»‘ng chung vá»›i gd váº­y a Äƒn á»Ÿ ngoÃ i hay bÃªn ngoÃ i,,,,70.æœä»æ€§æµ‹è¯•,
è¯¢é—®å®¶åº­å©šå§»æ„Ÿæƒ…,"Há»i tÃ¬nh hÃ¬nh gia Ä‘Ã¬nh, hÃ´n nhÃ¢n, chuyá»‡n tÃ¬nh cáº£m",2.,2.,A cÃ³ biáº¿t náº¥u Äƒn ko?,,,,71.æƒ…æ„Ÿåˆºæ¿€,
è¯¢é—®å®¶åº­å©šå§»æ„Ÿæƒ…,"Há»i tÃ¬nh hÃ¬nh gia Ä‘Ã¬nh, hÃ´n nhÃ¢n, chuyá»‡n tÃ¬nh cáº£m",2.,2.,Hiá»‡n táº¡i a Ä‘ang cÃ³ vá»£ con gÃ¬ chÆ°a Ã¡,,,,,
è¯¢é—®å®¶åº­å©šå§»æ„Ÿæƒ…,"Há»i tÃ¬nh hÃ¬nh gia Ä‘Ã¬nh, hÃ´n nhÃ¢n, chuyá»‡n tÃ¬nh cáº£m",2.,2.,A tá»«ng káº¿t hÃ´n rá»“i háº£? Váº­y giá» a Ä‘ang sá»‘ng vá»›i con luÃ´n hay sao váº­y a..,,,,,
è¯¢é—®å®¶åº­å©šå§»æ„Ÿæƒ…,"Há»i tÃ¬nh hÃ¬nh gia Ä‘Ã¬nh, hÃ´n nhÃ¢n, chuyá»‡n tÃ¬nh cáº£m",2.,2.,BÃ© máº¥y tuá»•i rá»“i a,,,,,
è¯¢é—®å®¶åº­å©šå§»æ„Ÿæƒ…,"Há»i tÃ¬nh hÃ¬nh gia Ä‘Ã¬nh, hÃ´n nhÃ¢n, chuyá»‡n tÃ¬nh cáº£m",2.,2.,Váº­y bÃ¢y giá» a Ä‘ang cÃ³ tÃ¬m hiá»ƒu thÃªm ai chÆ°a?,,,,,
è¯¢é—®å®¶åº­å©šå§»æ„Ÿæƒ…,"Há»i tÃ¬nh hÃ¬nh gia Ä‘Ã¬nh, hÃ´n nhÃ¢n, chuyá»‡n tÃ¬nh cáº£m",3.,3.,á» nhÃ  a ai lÃ  ngÆ°á»i hay náº¥u Äƒn dzáº¡.. a cÃ³ hay phá»¥ hÃ´ng nÃ¨,,,,,
è¯¢é—®å®¶åº­å©šå§»æ„Ÿæƒ…,"Há»i tÃ¬nh hÃ¬nh gia Ä‘Ã¬nh, hÃ´n nhÃ¢n, chuyá»‡n tÃ¬nh cáº£m",3.,3.,A cÃ³ thÃ­ch Äƒn cÆ¡m nhÃ  ko?,,,,,
è¯¢é—®å®¶åº­å©šå§»æ„Ÿæƒ…,"Há»i tÃ¬nh hÃ¬nh gia Ä‘Ã¬nh, hÃ´n nhÃ¢n, chuyá»‡n tÃ¬nh cáº£m",3.,3.,Ba máº¹ a cÃ³ há»‘i chuyá»‡n vá»£ con gÃ¬ chÆ°a Ã¡,,,,,
è¯¢é—®å®¶åº­å©šå§»æ„Ÿæƒ…,"Há»i tÃ¬nh hÃ¬nh gia Ä‘Ã¬nh, hÃ´n nhÃ¢n, chuyá»‡n tÃ¬nh cáº£m",3.,3.,A tá»«ng tráº£i qua má»‘i tÃ¬nh lÃ¢u nÄƒm nÃ o chÆ°a hay trÆ°á»›c giá» báº­n viá»‡c quÃ¡ chÆ°a yÃªu ai hihi,,,,,
è¯¢é—®å®¶åº­å©šå§»æ„Ÿæƒ…,"Há»i tÃ¬nh hÃ¬nh gia Ä‘Ã¬nh, hÃ´n nhÃ¢n, chuyá»‡n tÃ¬nh cáº£m",3.,3.,Váº­y hiá»‡n táº¡i a Ä‘ang cÃ³ ai tÃ¬m hiá»ƒu chÆ°a hay cÃ²n Ä‘á»™c thÃ¢n giá»‘ng e váº­y nÃ¨?,,,,,
ç‚çƒ­å¤©æ°”ä»Šæ—¥å¿ƒæƒ…,"Thá»i tiáº¿t nÃ³ng, mood hnay",1.,1.,"SG nÃ³ng kiá»ƒu gÃ¬ Ã¡, vá»«a ra Ä‘Æ°á»ng lÃ  muá»‘n tan cháº£y luÃ´n ğŸ˜…",,,,,
ç‚çƒ­å¤©æ°”ä»Šæ—¥å¿ƒæƒ…,"Thá»i tiáº¿t nÃ³ng, mood hnay",1.,1.,A cÃ³ hay uá»‘ng nÆ°á»›c mÃ¡t hay trÃ  gÃ¬ má»—i ngÃ y hÃ´ng dzáº¡?,,,,,
ç‚çƒ­å¤©æ°”ä»Šæ—¥å¿ƒæƒ…,"Thá»i tiáº¿t nÃ³ng, mood hnay",1.,1.,"A cÃ³ hay ra ngoÃ i giá» nÃ y hÃ´ng, hay á»Ÿ trong phÃ²ng mÃ¡y láº¡nh cho an toÃ n hen  ğŸ˜…",,,,,
ç‚çƒ­å¤©æ°”ä»Šæ—¥å¿ƒæƒ…,"Thá»i tiáº¿t nÃ³ng, mood hnay",1.,1.,"A cÃ³ hay ghÃ© máº¥y tiá»‡m cÃ  phÃª cho mÃ¡t hong? E dáº¡o nÃ y mÃª máº¥y quÃ¡n decor xinh xinh, ngá»“i chill thÃ´i cÅ©ng tháº¥y nháº¹ Ä‘áº§u Ã¡",,,,,
ç‚çƒ­å¤©æ°”ä»Šæ—¥å¿ƒæƒ…,"Thá»i tiáº¿t nÃ³ng, mood hnay",2.,2.,Hnay SG nay nÃ³ng dá»… sá»£ luÃ´n Ã¡,,,,,
ç‚çƒ­å¤©æ°”ä»Šæ—¥å¿ƒæƒ…,"Thá»i tiáº¿t nÃ³ng, mood hnay",2.,2.,"Má»—i khi trá»i kiá»ƒu váº§y, a hay uá»‘ng gÃ¬ Ä‘á»ƒ giáº£i nhiá»‡t dzáº¡?",,,,,
ç‚çƒ­å¤©æ°”ä»Šæ—¥å¿ƒæƒ…,"Thá»i tiáº¿t nÃ³ng, mood hnay",2.,2.,"E thÃ¬ mÃª nÆ°á»›c trÃ¡i cÃ¢y Ã©p Ã¡, cÃ³ bá»¯a lÃ m ly chanh dÃ¢y máº­t ong uá»‘ng cÃ¡i tá»‰nh liá»n luÃ´n",,,,,
ç‚çƒ­å¤©æ°”ä»Šæ—¥å¿ƒæƒ…,"Thá»i tiáº¿t nÃ³ng, mood hnay",2.,2.,"MÃ  a thÃ­ch uá»‘ng máº¥y mÃ³n truyá»n thá»‘ng nhÆ° trÃ  Ä‘Ã¡, rau mÃ¡â€¦ hay kiá»ƒu hiá»‡n Ä‘áº¡i nhÆ° trÃ  Ä‘Ã o, smoothie nÃ¨?",,,,,
ç‚çƒ­å¤©æ°”ä»Šæ—¥å¿ƒæƒ…,"Thá»i tiáº¿t nÃ³ng, mood hnay",3.,3.,Hnay trá»i kiá»ƒu nÃ y mÃ  ai pháº£i Ä‘i ngoÃ i Ä‘Æ°á»ng cháº¯c má»‡t xá»‰u luÃ´n Ã¡,,,,,
ç‚çƒ­å¤©æ°”ä»Šæ—¥å¿ƒæƒ…,"Thá»i tiáº¿t nÃ³ng, mood hnay",3.,3.,"Trá»i kiá»ƒu nÃ y mÃ  ngá»“i cf mÃ¡y láº¡nh, nghe nháº¡c nháº¹ nháº¹ lÃ  háº¿t sáº£y luÃ´n hÃ©n a",,,,,
ç‚çƒ­å¤©æ°”ä»Šæ—¥å¿ƒæƒ…,"Thá»i tiáº¿t nÃ³ng, mood hnay",3.,3.,"KhÃ´ng biáº¿t má»—i khi nÃ³ng váº­y, a cÃ³ hay kiáº¿m gÃ³c nÃ o yÃªn tÄ©nh Ä‘á»ƒ nghá»‰ chÃºt hÃ´ng?",,,,,
ç‚çƒ­å¤©æ°”ä»Šæ—¥å¿ƒæƒ…,"Thá»i tiáº¿t nÃ³ng, mood hnay",3.,3.,"Náº¿u giá» Ä‘Æ°á»£c nghá»‰ ná»­a buá»•i, a muá»‘n Ä‘i Ä‘Ã¢u nháº¥t? QuÃ¡n cÃ  phÃª, há»“ bÆ¡i hay chá»‰ muá»‘n vá» nhÃ  náº±m =))",,,,,
ç‚çƒ­å¤©æ°”ä»Šæ—¥å¿ƒæƒ…,"Thá»i tiáº¿t nÃ³ng, mood hnay",4.,4.,"HÃ´m nay nÃ³ng quÃ¡ trá»i, e pháº£i lÃ m liá»n ly trÃ  Ä‘Ã o má»›i tá»‰nh Ã¡",,,,,
ç‚çƒ­å¤©æ°”ä»Šæ—¥å¿ƒæƒ…,"Thá»i tiáº¿t nÃ³ng, mood hnay",4.,4.,"A cÃ³ thÃ³i quen uá»‘ng nÆ°á»›c gÃ¬ má»—i ngÃ y hong? TrÃ  sá»¯a, cÃ  phÃª hay detox gÃ¬ Ä‘Ã³?",,,,,
ç‚çƒ­å¤©æ°”ä»Šæ—¥å¿ƒæƒ…,"Thá»i tiáº¿t nÃ³ng, mood hnay",4.,4.,Náº¿u Ä‘i uá»‘ng vá»›i báº¡n bÃ¨ thÃ¬ a hay chá»n chá»— nÃ o? QuÃ¡n vá»‰a hÃ¨ mÃ¡t máº» hay kiá»ƒu hiá»‡n Ä‘áº¡i mÃ¡y láº¡nh sang sang?,,,,,
ç‚çƒ­å¤©æ°”ä»Šæ—¥å¿ƒæƒ…,"Thá»i tiáº¿t nÃ³ng, mood hnay",4.,4.,"E thÃ­ch máº¥y quÃ¡n yÃªn tÄ©nh, chill chill",,,,,
ç‚çƒ­å¤©æ°”ä»Šæ—¥å¿ƒæƒ…,"Thá»i tiáº¿t nÃ³ng, mood hnay",5.,5.,"Máº¥y nay thá»i tiáº¿t nÃ³ng kiá»ƒu tháº¥t thÆ°á»ng ghÃª Ã¡, lÃºc náº¯ng lÃºc mÆ°a ká»³ cá»¥c",,,,,
ç‚çƒ­å¤©æ°”ä»Šæ—¥å¿ƒæƒ…,"Thá»i tiáº¿t nÃ³ng, mood hnay",5.,5.,A cÃ³ dá»… bá»‹ má»‡t khi thá»i tiáº¿t Ä‘á»•i nhÆ° v hong? E mÃ  dÃ­nh mÆ°a xÃ­u lÃ  trÃºng giÃ³ liá»n luÃ´n Ã¡,,,,,
ç‚çƒ­å¤©æ°”ä»Šæ—¥å¿ƒæƒ…,"Thá»i tiáº¿t nÃ³ng, mood hnay",5.,5.,á» chá»— a cÃ³ mÆ°a hong? Chá»— e mÆ°a rÃ o phÃ¡t xong nÃ³ng ngÆ°á»£c luÃ´n,,,,,
ç‚çƒ­å¤©æ°”ä»Šæ—¥å¿ƒæƒ…,"Thá»i tiáº¿t nÃ³ng, mood hnay",5.,5.,A cÃ³ hay bá»‹ máº¥t ngá»§ máº¥y hÃ´m trá»i oi bá»©c hong? E náº±m lÄƒn lá»™n hoÃ i khÃ´ng ngá»§ Ä‘Æ°á»£c nÃ¨â€¦,,,,,
ç‚çƒ­å¤©æ°”ä»Šæ—¥å¿ƒæƒ…,"Thá»i tiáº¿t nÃ³ng, mood hnay",6.,6.,BÃªn a cÃ³ mÆ°a hÃ´ng? Chá»— e Ã¢m u cáº£ ngÃ y luÃ´n Ã¡,,,,,
ç‚çƒ­å¤©æ°”ä»Šæ—¥å¿ƒæƒ…,"Thá»i tiáº¿t nÃ³ng, mood hnay",6.,6.,"Trá»i kiá»ƒu váº§y dá»… bá»‹ tá»¥t mood ghÃª Ã¡, a cÃ³ bá»‹ váº­y hÃ´ng?",,,,,
ç‚çƒ­å¤©æ°”ä»Šæ—¥å¿ƒæƒ…,"Thá»i tiáº¿t nÃ³ng, mood hnay",6.,6.,A thÃ­ch trá»i náº¯ng hay mÆ°a hÆ¡n dzáº¡?,,,,,
ç‚çƒ­å¤©æ°”ä»Šæ—¥å¿ƒæƒ…,"Thá»i tiáº¿t nÃ³ng, mood hnay",6.,6.,Trá»i váº§y mÃ  lÃ m ly trÃ  nÃ³ng ngá»“i tÃ¡m cháº¯c chill láº¯m heng ğŸ˜š,,,,,
å¨±ä¹ç”µå½±éŸ³ä¹æ—…æ¸¸,"Giáº£i trÃ­: phim hay, nháº¡c khoÃ¡i nghe, Ä‘á»‹a Ä‘iá»ƒm du lá»‹ch mÆ¡ Æ°á»›c",1.,1.,A cÃ³ hay Ä‘i xem phim hÃ´ng nÃ¨...e vá»«a xem láº­t máº·t 8 cÃ³ LÃª Táº¥n Khang hot tiktoker vui láº¯m,,,,,
å¨±ä¹ç”µå½±éŸ³ä¹æ—…æ¸¸,"Giáº£i trÃ­: phim hay, nháº¡c khoÃ¡i nghe, Ä‘á»‹a Ä‘iá»ƒm du lá»‹ch mÆ¡ Æ°á»›c",1.,1.,CÃ³ phim nÃ o a coi xong mÃ  nhá»› hoÃ i hÃ´ng?,,,,,
å¨±ä¹ç”µå½±éŸ³ä¹æ—…æ¸¸,"Giáº£i trÃ­: phim hay, nháº¡c khoÃ¡i nghe, Ä‘á»‹a Ä‘iá»ƒm du lá»‹ch mÆ¡ Æ°á»›c",1.,1.,"E dáº¡o nÃ y mÃª máº¥y phim tÃ¬nh cáº£m nháº¹ nhÃ ng Ã¡, a cÃ³ coi thá»ƒ loáº¡i Ä‘Ã³ hÃ´ng?",,,,,
å¨±ä¹ç”µå½±éŸ³ä¹æ—…æ¸¸,"Giáº£i trÃ­: phim hay, nháº¡c khoÃ¡i nghe, Ä‘á»‹a Ä‘iá»ƒm du lá»‹ch mÆ¡ Æ°á»›c",2.,2.,A hay nghe nháº¡c gÃ¬ dzáº¡?,,,,,
å¨±ä¹ç”µå½±éŸ³ä¹æ—…æ¸¸,"Giáº£i trÃ­: phim hay, nháº¡c khoÃ¡i nghe, Ä‘á»‹a Ä‘iá»ƒm du lá»‹ch mÆ¡ Æ°á»›c",2.,2.,"E thÃ­ch nghe nháº¡c 8x-9x Ã , nháº¡c bÃ¢y giá» giai Ä‘iá»‡u hay nhÆ°ng tháº¥m k ná»•i Ã½",,,,,
å¨±ä¹ç”µå½±éŸ³ä¹æ—…æ¸¸,"Giáº£i trÃ­: phim hay, nháº¡c khoÃ¡i nghe, Ä‘á»‹a Ä‘iá»ƒm du lá»‹ch mÆ¡ Æ°á»›c",2.,2.,"E mÃª ballad vá»›i máº¥y bÃ i chill chill Ã¡, a cÃ³ gu giá»‘ng e hÃ´ng?",,,,,
å¨±ä¹ç”µå½±éŸ³ä¹æ—…æ¸¸,"Giáº£i trÃ­: phim hay, nháº¡c khoÃ¡i nghe, Ä‘á»‹a Ä‘iá»ƒm du lá»‹ch mÆ¡ Æ°á»›c",3.,3.,E tháº¥y a cÃ³ Ä‘Äƒng áº£nh Ä‘i du lá»‹ch cháº¯c a thÆ°á»ng xuyÃªn Ä‘i du lá»‹ch láº¯m ha a,,,,,
å¨±ä¹ç”µå½±éŸ³ä¹æ—…æ¸¸,"Giáº£i trÃ­: phim hay, nháº¡c khoÃ¡i nghe, Ä‘á»‹a Ä‘iá»ƒm du lá»‹ch mÆ¡ Æ°á»›c",3.,3.,Hay Ä‘i du lá»‹ch váº­y cháº¯c yÃªu thiÃªn nhiÃªn ghÃª ha? NhÃ¬n hÃ¬nh lÃ  e mÃª muá»‘n xá»‰u luÃ´n Ã¡,,,,,
å¨±ä¹ç”µå½±éŸ³ä¹æ—…æ¸¸,"Giáº£i trÃ­: phim hay, nháº¡c khoÃ¡i nghe, Ä‘á»‹a Ä‘iá»ƒm du lá»‹ch mÆ¡ Æ°á»›c",3.,3.,"Äi du lá»‹ch váº­y cháº¯c a cÃ³ nhiá»u ká»· niá»‡m hay láº¯m heng, bá»¯a nÃ o ká»ƒ e nghe chÆ¡i vá»›i nhen",,,,,
å¨±ä¹ç”µå½±éŸ³ä¹æ—…æ¸¸,"Giáº£i trÃ­: phim hay, nháº¡c khoÃ¡i nghe, Ä‘á»‹a Ä‘iá»ƒm du lá»‹ch mÆ¡ Æ°á»›c",4.,4.,E tháº¥y a hay Ä‘Äƒng Äƒn Ä‘i Äƒn vá»›i gia Ä‘Ã¬nh cháº¯c mÃ³n ng a rÃ nh láº¯m hÃ¡?,,,,,
å¨±ä¹ç”µå½±éŸ³ä¹æ—…æ¸¸,"Giáº£i trÃ­: phim hay, nháº¡c khoÃ¡i nghe, Ä‘á»‹a Ä‘iá»ƒm du lá»‹ch mÆ¡ Æ°á»›c",4.,4.,"E cÅ©ng Ä‘am mÃª Äƒn uá»‘ng nhÆ°ng e hÃ´ng thÃ­ch Äƒn mÃ³n tÃ¢y, a cÃ³ giá»‘ng e hÃ´ng?",,,,,
å¨±ä¹ç”µå½±éŸ³ä¹æ—…æ¸¸,"Giáº£i trÃ­: phim hay, nháº¡c khoÃ¡i nghe, Ä‘á»‹a Ä‘iá»ƒm du lá»‹ch mÆ¡ Æ°á»›c",4.,4.,A cÃ³ thÆ°á»ng hay Ä‘i du lá»‹ch hÃ´ng?,,,,,
å¨±ä¹ç”µå½±éŸ³ä¹æ—…æ¸¸,"Giáº£i trÃ­: phim hay, nháº¡c khoÃ¡i nghe, Ä‘á»‹a Ä‘iá»ƒm du lá»‹ch mÆ¡ Æ°á»›c",4.,4.,Äi chÆ¡i a thÃ­ch kiá»ƒu khÃ¡m phÃ¡ hay nghá»‰ dÆ°á»¡ng chill chill Ã¡,,,,,
å¨±ä¹ç”µå½±éŸ³ä¹æ—…æ¸¸,"Giáº£i trÃ­: phim hay, nháº¡c khoÃ¡i nghe, Ä‘á»‹a Ä‘iá»ƒm du lá»‹ch mÆ¡ Æ°á»›c",5.,5.,"E tháº¥y a hay Ä‘i chÆ¡i láº¯m nÃ¨, náº¿u Ä‘Æ°á»£c nghá»‰ vÃ i bá»¯a thÃ¬ muá»‘n Ä‘i Ä‘Ã¢u nháº¥t..E thÃ¬ mÃª ÄÃ  Láº¡t",,,,,
å¨±ä¹ç”µå½±éŸ³ä¹æ—…æ¸¸,"Giáº£i trÃ­: phim hay, nháº¡c khoÃ¡i nghe, Ä‘á»‹a Ä‘iá»ƒm du lá»‹ch mÆ¡ Æ°á»›c",5.,5.,"ÄÃ  Láº¡t chill láº¯m luÃ´n Ã¡, e ráº¥t mÃª khÃ´ng khÃ­ dÆ°á»›i Ä‘Ã³, a cÃ³ giá»‘ng e hÃ´ng?",,,,,
å¨±ä¹ç”µå½±éŸ³ä¹æ—…æ¸¸,"Giáº£i trÃ­: phim hay, nháº¡c khoÃ¡i nghe, Ä‘á»‹a Ä‘iá»ƒm du lá»‹ch mÆ¡ Æ°á»›c",5.,5.,Trá»i nghe váº­y tá»± nhiÃªn e tháº¥y ÄÃ  Láº¡t há»£p gu mÃ¬nh ghÃª ğŸ˜³,,,,,
å¨±ä¹ç”µå½±éŸ³ä¹æ—…æ¸¸,"Giáº£i trÃ­: phim hay, nháº¡c khoÃ¡i nghe, Ä‘á»‹a Ä‘iá»ƒm du lá»‹ch mÆ¡ Æ°á»›c",5.,5.,MÃ  a Ä‘i chÆ¡i thÃ­ch kiá»ƒu khÃ¡m phÃ¡ hay nghá»‰ dÆ°á»¡ng kiá»ƒu náº±m chill nhÃ¬n mÃ¢y thÃ´i?,,,,,
ç”Ÿæ´»ä¹ æƒ¯ä½œæ¯è¿åŠ¨é¥®é£Ÿ,"ThÃ³i quen: giá» giáº¥c sinh hoáº¡t, táº­p gym/chÆ¡i thá»ƒ thao gÃ¬, Äƒn uá»‘ng kiá»ƒu nÃ o, giá» lÃ m/giá» nghá»‰",1.,1.,A hay ngá»§ sá»›m hÃ´ng a?,,,,,
ç”Ÿæ´»ä¹ æƒ¯ä½œæ¯è¿åŠ¨é¥®é£Ÿ,"ThÃ³i quen: giá» giáº¥c sinh hoáº¡t, táº­p gym/chÆ¡i thá»ƒ thao gÃ¬, Äƒn uá»‘ng kiá»ƒu nÃ o, giá» lÃ m/giá» nghá»‰",1.,1.,CÃ²n e lÃ  cÃº Ä‘Ãªm chÃ­nh hiá»‡u Ä‘Ã¢y vÃ¬ lÃ m viá»‡c tá»›i khuya hoÃ i luÃ´n Ã¡,,,,,
ç”Ÿæ´»ä¹ æƒ¯ä½œæ¯è¿åŠ¨é¥®é£Ÿ,"ThÃ³i quen: giá» giáº¥c sinh hoáº¡t, táº­p gym/chÆ¡i thá»ƒ thao gÃ¬, Äƒn uá»‘ng kiá»ƒu nÃ o, giá» lÃ m/giá» nghá»‰",1.,1.,Má»—i ngÃ y a cÃ³ dáº­y sá»›m Ä‘i táº­p thá»ƒ dá»¥c hay gym cho khá»e ng hÃ´ng nÃ¨,,,,,
ç”Ÿæ´»ä¹ æƒ¯ä½œæ¯è¿åŠ¨é¥®é£Ÿ,"ThÃ³i quen: giá» giáº¥c sinh hoáº¡t, táº­p gym/chÆ¡i thá»ƒ thao gÃ¬, Äƒn uá»‘ng kiá»ƒu nÃ o, giá» lÃ m/giá» nghá»‰",1.,1.,E sÃ¡ng dáº­y táº­p yoga xong ngá»§ tiáº¿p trÆ°a trÆ°a dáº­y lÃ m viá»‡c hihi,,,,,
ç”Ÿæ´»ä¹ æƒ¯ä½œæ¯è¿åŠ¨é¥®é£Ÿ,"ThÃ³i quen: giá» giáº¥c sinh hoáº¡t, táº­p gym/chÆ¡i thá»ƒ thao gÃ¬, Äƒn uá»‘ng kiá»ƒu nÃ o, giá» lÃ m/giá» nghá»‰",1.,1.,Má»—i sÃ¡ng a hay Äƒn gÃ¬ váº­y áº¡..e thÃ¬ Äƒn nháº¹ giá»¯ dÃ¡ng Ã¡,,,,,
ç”Ÿæ´»ä¹ æƒ¯ä½œæ¯è¿åŠ¨é¥®é£Ÿ,"ThÃ³i quen: giá» giáº¥c sinh hoáº¡t, táº­p gym/chÆ¡i thá»ƒ thao gÃ¬, Äƒn uá»‘ng kiá»ƒu nÃ o, giá» lÃ m/giá» nghá»‰",1.,1.,Tá»‘i vá» a hay lÃ m gÃ¬ Ä‘á»ƒ thÆ° giÃ£n váº­y nÃ¨.. e thÃ¬ táº¯m nÆ°á»›c nÃ³ng rá»“i má»Ÿ nháº¡c chill chill Ã¡,,,,,
ç”Ÿæ´»ä¹ æƒ¯ä½œæ¯è¿åŠ¨é¥®é£Ÿ,"ThÃ³i quen: giá» giáº¥c sinh hoáº¡t, táº­p gym/chÆ¡i thá»ƒ thao gÃ¬, Äƒn uá»‘ng kiá»ƒu nÃ o, giá» lÃ m/giá» nghá»‰",1.,1.,Cuá»‘i tuáº§n nÃ y a cÃ³ Ä‘Æ°á»£c nghá»‰ hÃ´ng? Náº¿u Ä‘Æ°á»£c thÃ¬ rÃ¡ng thÆ° giÃ£n chÃºt nhen,,,,,
ç”Ÿæ´»ä¹ æƒ¯ä½œæ¯è¿åŠ¨é¥®é£Ÿ,"ThÃ³i quen: giá» giáº¥c sinh hoáº¡t, táº­p gym/chÆ¡i thá»ƒ thao gÃ¬, Äƒn uá»‘ng kiá»ƒu nÃ o, giá» lÃ m/giá» nghá»‰",2.,2.,Tá»‘i a thÆ°á»ng ngá»§ lÃºc máº¥y giá» dzáº¡?,,,,,
ç”Ÿæ´»ä¹ æƒ¯ä½œæ¯è¿åŠ¨é¥®é£Ÿ,"ThÃ³i quen: giá» giáº¥c sinh hoáº¡t, táº­p gym/chÆ¡i thá»ƒ thao gÃ¬, Äƒn uá»‘ng kiá»ƒu nÃ o, giá» lÃ m/giá» nghá»‰",2.,2.,E cÅ©ng muá»‘n ngá»§ sá»›m cho Ä‘áº¹p da láº¯m mÃ  toÃ n lÃ m viá»‡c tá»›i khuya hoÃ i luÃ´n Ã¡ ğŸ˜…,,,,,
ç”Ÿæ´»ä¹ æƒ¯ä½œæ¯è¿åŠ¨é¥®é£Ÿ,"ThÃ³i quen: giá» giáº¥c sinh hoáº¡t, táº­p gym/chÆ¡i thá»ƒ thao gÃ¬, Äƒn uá»‘ng kiá»ƒu nÃ o, giá» lÃ m/giá» nghá»‰",2.,2.,A ngá»§ sá»›m váº­y sÃ¡ng cÃ³ dáº­y sá»›m hÃ´ng nÃ¨,,,,,
ç”Ÿæ´»ä¹ æƒ¯ä½œæ¯è¿åŠ¨é¥®é£Ÿ,"ThÃ³i quen: giá» giáº¥c sinh hoáº¡t, táº­p gym/chÆ¡i thá»ƒ thao gÃ¬, Äƒn uá»‘ng kiá»ƒu nÃ o, giá» lÃ m/giá» nghá»‰",2.,2.,E thÆ°á»ng cÃ i bÃ¡o thá»©c dáº­y táº­p yoga r ngá»§ tiáº¿p trÆ°a dáº­y lÃ m viá»‡c,,,,,
ç”Ÿæ´»ä¹ æƒ¯ä½œæ¯è¿åŠ¨é¥®é£Ÿ,"ThÃ³i quen: giá» giáº¥c sinh hoáº¡t, táº­p gym/chÆ¡i thá»ƒ thao gÃ¬, Äƒn uá»‘ng kiá»ƒu nÃ o, giá» lÃ m/giá» nghá»‰",2.,2.,A cÃ³ táº­p gym hay chÆ¡i mÃ´n thá»ƒ thao nÃ o hÃ´ng nÃ¨,,,,,
ç”Ÿæ´»ä¹ æƒ¯ä½œæ¯è¿åŠ¨é¥®é£Ÿ,"ThÃ³i quen: giá» giáº¥c sinh hoáº¡t, táº­p gym/chÆ¡i thá»ƒ thao gÃ¬, Äƒn uá»‘ng kiá»ƒu nÃ o, giá» lÃ m/giá» nghá»‰",2.,2.,Táº­p gym váº­y cÃ³ Ä‘Æ°á»£c Äƒn thoáº£i mÃ¡i hÃ´ng ta..,,,,,
ç”Ÿæ´»ä¹ æƒ¯ä½œæ¯è¿åŠ¨é¥®é£Ÿ,"ThÃ³i quen: giá» giáº¥c sinh hoáº¡t, táº­p gym/chÆ¡i thá»ƒ thao gÃ¬, Äƒn uá»‘ng kiá»ƒu nÃ o, giá» lÃ m/giá» nghá»‰",2.,2.,E mÃ  táº­p má»‡t lÃ  pháº£i Äƒn gáº¥p Ä‘Ã´i Ä‘á»ƒ láº¥y láº¡i sá»©c hahaha,,,,,
ç”Ÿæ´»ä¹ æƒ¯ä½œæ¯è¿åŠ¨é¥®é£Ÿ,"ThÃ³i quen: giá» giáº¥c sinh hoáº¡t, táº­p gym/chÆ¡i thá»ƒ thao gÃ¬, Äƒn uá»‘ng kiá»ƒu nÃ o, giá» lÃ m/giá» nghá»‰",2.,2.,A hay tan lÃ m lÃºc máº¥y giá» váº­y nÃ¨?,,,,,
ç”Ÿæ´»ä¹ æƒ¯ä½œæ¯è¿åŠ¨é¥®é£Ÿ,"ThÃ³i quen: giá» giáº¥c sinh hoáº¡t, táº­p gym/chÆ¡i thá»ƒ thao gÃ¬, Äƒn uá»‘ng kiá»ƒu nÃ o, giá» lÃ m/giá» nghá»‰",2.,2.,A cÃ³ sunset chill chill cuá»‘i ngÃ y hay cuá»‘i tuáº§n gÃ¬ hÃ´ng Ã¡?,,,,,
ç”Ÿæ´»ä¹ æƒ¯ä½œæ¯è¿åŠ¨é¥®é£Ÿ,"ThÃ³i quen: giá» giáº¥c sinh hoáº¡t, táº­p gym/chÆ¡i thá»ƒ thao gÃ¬, Äƒn uá»‘ng kiá»ƒu nÃ o, giá» lÃ m/giá» nghá»‰",3.,3.,TrÆ°á»›c khi ngá»§ a hay lÃ m gÃ¬ dzáº¡?,,,,,
ç”Ÿæ´»ä¹ æƒ¯ä½œæ¯è¿åŠ¨é¥®é£Ÿ,"ThÃ³i quen: giá» giáº¥c sinh hoáº¡t, táº­p gym/chÆ¡i thá»ƒ thao gÃ¬, Äƒn uá»‘ng kiá»ƒu nÃ o, giá» lÃ m/giá» nghá»‰",3.,3.,"E toÃ n báº­t nháº¡c rá»“i náº±m thá»Ÿ chá» ngá»§ Ã¡, cháº¯c táº¡i cÃ´ Ä‘Æ¡n ahihi",,,,,
ç”Ÿæ´»ä¹ æƒ¯ä½œæ¯è¿åŠ¨é¥®é£Ÿ,"ThÃ³i quen: giá» giáº¥c sinh hoáº¡t, táº­p gym/chÆ¡i thá»ƒ thao gÃ¬, Äƒn uá»‘ng kiá»ƒu nÃ o, giá» lÃ m/giá» nghá»‰",3.,3.,A cÃ³ giá»‘ng e hÃ´ng..cÃ³ cÃ´ Ä‘Æ¡n hÃ´ng nÃ¨,,,,,
ç”Ÿæ´»ä¹ æƒ¯ä½œæ¯è¿åŠ¨é¥®é£Ÿ,"ThÃ³i quen: giá» giáº¥c sinh hoáº¡t, táº­p gym/chÆ¡i thá»ƒ thao gÃ¬, Äƒn uá»‘ng kiá»ƒu nÃ o, giá» lÃ m/giá» nghá»‰",3.,3.,MÃ  ngá»§ trá»… dzáº­y sÃ¡ng a cÃ³ dáº­y ná»•i hÃ´ng Ä‘Ã³,,,,,
ç”Ÿæ´»ä¹ æƒ¯ä½œæ¯è¿åŠ¨é¥®é£Ÿ,"ThÃ³i quen: giá» giáº¥c sinh hoáº¡t, táº­p gym/chÆ¡i thá»ƒ thao gÃ¬, Äƒn uá»‘ng kiá»ƒu nÃ o, giá» lÃ m/giá» nghá»‰",3.,3.,Hay cÃ  phÃª lÃ  chÃ¢n Ã¡i má»—i sÃ¡ng cá»§a a haha,,,,,
ç”Ÿæ´»ä¹ æƒ¯ä½œæ¯è¿åŠ¨é¥®é£Ÿ,"ThÃ³i quen: giá» giáº¥c sinh hoáº¡t, táº­p gym/chÆ¡i thá»ƒ thao gÃ¬, Äƒn uá»‘ng kiá»ƒu nÃ o, giá» lÃ m/giá» nghá»‰",3.,3.,"A Äƒn uá»‘ng cÃ³ Ä‘Ãºng giá» hÃ´ng Ä‘Ã³? Äá»«ng bá» bá»¯a nha, tá»™i bao tá»­ láº¯m Ã¡",,,,,
ç”Ÿæ´»ä¹ æƒ¯ä½œæ¯è¿åŠ¨é¥®é£Ÿ,"ThÃ³i quen: giá» giáº¥c sinh hoáº¡t, táº­p gym/chÆ¡i thá»ƒ thao gÃ¬, Äƒn uá»‘ng kiá»ƒu nÃ o, giá» lÃ m/giá» nghá»‰",3.,3.,"Dáº¡o nÃ y Äƒn gÃ¬ ngon hong, chia sáº» e vá»›i ğŸ˜‹",,,,,
ç”Ÿæ´»ä¹ æƒ¯ä½œæ¯è¿åŠ¨é¥®é£Ÿ,"ThÃ³i quen: giá» giáº¥c sinh hoáº¡t, táº­p gym/chÆ¡i thá»ƒ thao gÃ¬, Äƒn uá»‘ng kiá»ƒu nÃ o, giá» lÃ m/giá» nghá»‰",3.,3.,A cÃ³ thÃ­ch Äƒn Ä‘á»“ cay giá»‘ng e hÃ´ng..MÃ³n nÃ o lÃ  chÃ¢n Ã¡i cá»§a a nÃ¨,,,,,
ç”Ÿæ´»ä¹ æƒ¯ä½œæ¯è¿åŠ¨é¥®é£Ÿ,"ThÃ³i quen: giá» giáº¥c sinh hoáº¡t, táº­p gym/chÆ¡i thá»ƒ thao gÃ¬, Äƒn uá»‘ng kiá»ƒu nÃ o, giá» lÃ m/giá» nghá»‰",3.,3.,A Ä‘i lÃ m cÃ³ má»‡t láº¯m hÃ´ng? Nhá»› dÃ nh thá»i gian nghá»‰ cho báº£n thÃ¢n ná»¯a nha,,,,,
ç”Ÿæ´»ä¹ æƒ¯ä½œæ¯è¿åŠ¨é¥®é£Ÿ,"ThÃ³i quen: giá» giáº¥c sinh hoáº¡t, táº­p gym/chÆ¡i thá»ƒ thao gÃ¬, Äƒn uá»‘ng kiá»ƒu nÃ o, giá» lÃ m/giá» nghá»‰",3.,3.,HÃ´m nay a cÃ³ bá»‹ Ã¡p lá»±c gÃ¬ hÃ´ng? Náº¿u cáº§n ai Ä‘Ã³ tÃ¡m cho Ä‘á»¡ stress thÃ¬ cÃ³ e á»Ÿ Ä‘Ã¢y,,,,,
é€—ç¬‘åˆ†äº«æƒ…æ„Ÿ,"Chá»c cÆ°á»i, sáº» chia cáº£m xÃºc vá»›i Ä‘á»‘i phÆ°Æ¡ng",1.,1.,A cÃ³ tin vÃ o tÃ¬nh cá» khÃ´ng pháº£i ngáº«u nhiÃªn hÃ´ng?,,,,,
é€—ç¬‘åˆ†äº«æƒ…æ„Ÿ,"Chá»c cÆ°á»i, sáº» chia cáº£m xÃºc vá»›i Ä‘á»‘i phÆ°Æ¡ng",1.,1.,Táº¡i e tÃ¬nh cá» gáº·p a mÃ  láº¡i ngáº«u nhiÃªn tháº¥y hÆ¡i thÃ­ch ğŸ˜,,,,,
é€—ç¬‘åˆ†äº«æƒ…æ„Ÿ,"Chá»c cÆ°á»i, sáº» chia cáº£m xÃºc vá»›i Ä‘á»‘i phÆ°Æ¡ng",1.,1.,E giá»¡n tÃ­ cho vui a Ä‘á»«ng snghi nhiá»u nhaâ€¦,,,,,
é€—ç¬‘åˆ†äº«æƒ…æ„Ÿ,"Chá»c cÆ°á»i, sáº» chia cáº£m xÃºc vá»›i Ä‘á»‘i phÆ°Æ¡ng",1.,1.,MÃ  Ä‘Ã´i khi hÃ´ng cáº§n tÃ¬m ngÆ°á»i hoÃ n háº£oâ€¦chá»‰ cáº§n gáº·p Ä‘Ãºng ngÆ°á»i lÃºc mÃ¬nh cáº§n má»™t cÃ¡i tá»±a vai thÃ´i hÃ©n a,,,,,
é€—ç¬‘åˆ†äº«æƒ…æ„Ÿ,"Chá»c cÆ°á»i, sáº» chia cáº£m xÃºc vá»›i Ä‘á»‘i phÆ°Æ¡ng",1.,1.,Nhá»¯ng ngÆ°á»i nhÆ° váº­y dá»… kiáº¿m nhÆ°ng khÃ³ giá»¯ a nghÄ© váº­y Ä‘Ãºng hÃ´ng nÃ¨,,,,,
é€—ç¬‘åˆ†äº«æƒ…æ„Ÿ,"Chá»c cÆ°á»i, sáº» chia cáº£m xÃºc vá»›i Ä‘á»‘i phÆ°Æ¡ng",2.,2.,Hqua e Äƒn mÃ¬ cay xong khÃ³c nhÆ° tháº¥t tÃ¬nh váº­y Ã¡.. a tháº¥y a cÃ³ ngá»‘c hÃ´ng chá»©,,,,,
é€—ç¬‘åˆ†äº«æƒ…æ„Ÿ,"Chá»c cÆ°á»i, sáº» chia cáº£m xÃºc vá»›i Ä‘á»‘i phÆ°Æ¡ng",2.,2.,NhÆ°ng mÃ  e tháº¥y vá»‹ cay cá»§a tÃ¬nh Ä‘á»i cÃ²n cay hÆ¡n nhÃ¬u a Æ¡i,,,,,
é€—ç¬‘åˆ†äº«æƒ…æ„Ÿ,"Chá»c cÆ°á»i, sáº» chia cáº£m xÃºc vá»›i Ä‘á»‘i phÆ°Æ¡ng",2.,2.,CÃ³ lÃºc buá»“n mÃ  hÃ´ng nÃ³i Ä‘Æ°á»£c vá»›i ai tá»± nhiÃªn thÃ¨m Äƒn cay kiá»ƒu cho nÃ³ cay má»™t láº§n rá»“i thÃ´i Ã¡,,,,,
é€—ç¬‘åˆ†äº«æƒ…æ„Ÿ,"Chá»c cÆ°á»i, sáº» chia cáº£m xÃºc vá»›i Ä‘á»‘i phÆ°Æ¡ng",2.,2.,"MÃ  nÃ³i váº­y chá»›â€¦ cÅ©ng chá»‰ mong cÃ³ ngÆ°á»i hiá»ƒu mÃ¬nh, ngá»“i Äƒn cÃ¹ng, rá»“i cÆ°á»i xoa dá»‹u ná»—i buá»“n",,,,,
é€—ç¬‘åˆ†äº«æƒ…æ„Ÿ,"Chá»c cÆ°á»i, sáº» chia cáº£m xÃºc vá»›i Ä‘á»‘i phÆ°Æ¡ng",2.,2.,HÃ´ng biáº¿t a cÃ³ tá»«ng kiá»ƒu váº­y chÆ°a nÃ¨..,,,,,
é€—ç¬‘åˆ†äº«æƒ…æ„Ÿ,"Chá»c cÆ°á»i, sáº» chia cáº£m xÃºc vá»›i Ä‘á»‘i phÆ°Æ¡ng",3.,3.,Tháº­t ra e khÃ´ng thÃ­ch nÃ³i chuyá»‡n vá»›i nhiá»u ngÆ°á»i Ä‘Ã¢uâ€¦,,,,,
é€—ç¬‘åˆ†äº«æƒ…æ„Ÿ,"Chá»c cÆ°á»i, sáº» chia cáº£m xÃºc vá»›i Ä‘á»‘i phÆ°Æ¡ng",3.,3.,VÃ¬ nÃ³i chuyá»‡n vá»›i a lÃ  Ä‘á»§ máº¥t táº­p trung cáº£ ngÃ y rá»“i Ã¡,,,,,
é€—ç¬‘åˆ†äº«æƒ…æ„Ÿ,"Chá»c cÆ°á»i, sáº» chia cáº£m xÃºc vá»›i Ä‘á»‘i phÆ°Æ¡ng",3.,3.,A cÃ³ tá»«ng nhÆ° váº­y vá»›i ai chÆ°a,,,,,
é€—ç¬‘åˆ†äº«æƒ…æ„Ÿ,"Chá»c cÆ°á»i, sáº» chia cáº£m xÃºc vá»›i Ä‘á»‘i phÆ°Æ¡ng",3.,3.,"E Ã¡, khÃ´ng Ä‘áº¹p nghiÃªng nÆ°á»›c nghiÃªng thÃ nhâ€¦",,,,,
é€—ç¬‘åˆ†äº«æƒ…æ„Ÿ,"Chá»c cÆ°á»i, sáº» chia cáº£m xÃºc vá»›i Ä‘á»‘i phÆ°Æ¡ng",3.,3.,Chá»‰ nghiÃªng nháº¹ vá» phÃ­a a hoy,,,,,
é€—ç¬‘åˆ†äº«æƒ…æ„Ÿ,"Chá»c cÆ°á»i, sáº» chia cáº£m xÃºc vá»›i Ä‘á»‘i phÆ°Æ¡ng",3.,3.,A cÃ³ tin vÃ o duyÃªn sá»‘ hÃ´ng? E thÃ¬ tin Ä‘Ã³ nha,,,,,
é€—ç¬‘åˆ†äº«æƒ…æ„Ÿ,"Chá»c cÆ°á»i, sáº» chia cáº£m xÃºc vá»›i Ä‘á»‘i phÆ°Æ¡ng",4.,4.,E há»©a vá»›i báº£n thÃ¢n lÃ  hÃ´m nay Äƒn clean nhÆ°ng mÃ ..,,,,,
é€—ç¬‘åˆ†äº«æƒ…æ„Ÿ,"Chá»c cÆ°á»i, sáº» chia cáº£m xÃºc vá»›i Ä‘á»‘i phÆ°Æ¡ng",4.,4.,BÃ¢y giá» e Ä‘ang ngá»“i Äƒn bÃ¡nh trÃ¡ng trá»™n huhu,,,,,
é€—ç¬‘åˆ†äº«æƒ…æ„Ÿ,"Chá»c cÆ°á»i, sáº» chia cáº£m xÃºc vá»›i Ä‘á»‘i phÆ°Æ¡ng",4.,4.,"E tá»± cáº£m tháº¥y cÃ³ lá»—i vá»›i báº£n thÃ¢n quÃ¡ a Ã , a cÃ³ khi nÃ o hÆ° nhÆ° e hÃ´ng..",,,,,
é€—ç¬‘åˆ†äº«æƒ…æ„Ÿ,"Chá»c cÆ°á»i, sáº» chia cáº£m xÃºc vá»›i Ä‘á»‘i phÆ°Æ¡ng",4.,4.,"Cháº¯c kiáº¿p trÆ°á»›c e lÃ  con sÃ¢u Äƒn váº·t, giá» nghiá»‡p nÃ³ quáº­t Ã¡ a",,,,,
é€—ç¬‘åˆ†äº«æƒ…æ„Ÿ,"Chá»c cÆ°á»i, sáº» chia cáº£m xÃºc vá»›i Ä‘á»‘i phÆ°Æ¡ng",4.,4.,á»¦a mÃ ..cÃ³ Ä‘ang Äƒn gÃ¬ hÃ´ng?,,,,,
é€—ç¬‘åˆ†äº«æƒ…æ„Ÿ,"Chá»c cÆ°á»i, sáº» chia cáº£m xÃºc vá»›i Ä‘á»‘i phÆ°Æ¡ng",4.,4.,"Chá»© e tháº¥y a toÃ n hiá»‡n trong Ä‘áº§u e hoÃ i Ã¡, cháº¯c hÆ¡i Ä‘Ã³i thÃ­nh quÃ¡",,,,,
é€—ç¬‘åˆ†äº«æƒ…æ„Ÿ,"Chá»c cÆ°á»i, sáº» chia cáº£m xÃºc vá»›i Ä‘á»‘i phÆ°Æ¡ng",5 .,5 .,"A rep cháº­m quÃ¡, e tÆ°á»Ÿng a Ä‘ang tÃ­nh toÃ¡n chuyá»‡n tÆ°Æ¡ng lai mÃ¬nh luÃ´n rá»“i chá»› ğŸ˜†",,,,,
é€—ç¬‘åˆ†äº«æƒ…æ„Ÿ,"Chá»c cÆ°á»i, sáº» chia cáº£m xÃºc vá»›i Ä‘á»‘i phÆ°Æ¡ng",5 .,5 .,MÃ  tÃ­nh láº¹ láº¹ nha chá»› e cÃ²n nhiá»u ngÆ°á»i xáº¿p hÃ ng láº¯m Ã¡,,,,,
é€—ç¬‘åˆ†äº«æƒ…æ„Ÿ,"Chá»c cÆ°á»i, sáº» chia cáº£m xÃºc vá»›i Ä‘á»‘i phÆ°Æ¡ng",5 .,5 .,E giá»¡n xÃ­u thÃ´i nÃ¨..,,,,,
é€—ç¬‘åˆ†äº«æƒ…æ„Ÿ,"Chá»c cÆ°á»i, sáº» chia cáº£m xÃºc vá»›i Ä‘á»‘i phÆ°Æ¡ng",5 .,5 .,A cÃ³ bao giá» kiá»ƒu má»‡t mÃ  váº«n pháº£i cÆ°á»i pháº£i tá» ra á»•n hÃ´ng?,,,,,
é€—ç¬‘åˆ†äº«æƒ…æ„Ÿ,"Chá»c cÆ°á»i, sáº» chia cáº£m xÃºc vá»›i Ä‘á»‘i phÆ°Æ¡ng",5 .,5 .,E há»i chá»‰ muá»‘n a xem cÃ³ ngÆ°á»i hiá»ƒu cÃ¡i cáº£m giÃ¡c Ä‘Ã³ hÃ´ng thÃ´i Ã ,,,,,
è‡ªæˆ‘ä»‹ç»å°ç§˜å¯†,"Giá»›i thiá»‡u ngáº¯n gá»n vá» báº£n thÃ¢n, Khoe chÃºt bÃ­ máº­t nho nhá»",1.,1.,"E thuá»™c team sá»‘ng Ä‘Æ¡n giáº£n, hÃ´ng drama, hÃ´ng bon chen a áº¡",,,,,
è‡ªæˆ‘ä»‹ç»å°ç§˜å¯†,"Giá»›i thiá»‡u ngáº¯n gá»n vá» báº£n thÃ¢n, Khoe chÃºt bÃ­ máº­t nho nhá»",1.,1.,"Máº¥y cÃ¡i nháº¹ nhÃ ng, chÃ¢n thÃ nh lÃ  auto e mÃª luÃ´n Ã¡",,,,,
è‡ªæˆ‘ä»‹ç»å°ç§˜å¯†,"Giá»›i thiá»‡u ngáº¯n gá»n vá» báº£n thÃ¢n, Khoe chÃºt bÃ­ máº­t nho nhá»",1.,1.,"MÃ  cÃ³ 1 chuyá»‡n hÆ¡i máº¯c cá»¡ xÃ­u, a cÃ³ mÃºn biáº¿t hÃ´ng nÃ¨...",,,,,
è‡ªæˆ‘ä»‹ç»å°ç§˜å¯†,"Giá»›i thiá»‡u ngáº¯n gá»n vá» báº£n thÃ¢n, Khoe chÃºt bÃ­ máº­t nho nhá»",1.,1.,"ÄÃ³ lÃ  má»—i láº§n buá»“n e Ä‘á»u viáº¿t nháº­t kÃ½ nhÆ°ng viáº¿t xong tá»± xÃ© bá» luÃ´n Ã¡, e hÃ´ng dÃ¡m giá»¯ láº¡i vÃ¬ sá»£ sau nÃ y Ä‘á»c láº¡i sáº½ khÃ³c",,,,,
è‡ªæˆ‘ä»‹ç»å°ç§˜å¯†,"Giá»›i thiá»‡u ngáº¯n gá»n vá» báº£n thÃ¢n, Khoe chÃºt bÃ­ máº­t nho nhá»",1.,1.,A tháº¥y e cÃ³ yáº¿u Ä‘uá»‘i quÃ¡ ko nÃ¨,,,,,
è‡ªæˆ‘ä»‹ç»å°ç§˜å¯†,"Giá»›i thiá»‡u ngáº¯n gá»n vá» báº£n thÃ¢n, Khoe chÃºt bÃ­ máº­t nho nhá»",2. ,2. ,E lÃ  ng sá»‘ng thiÃªn vá» cáº£m xÃºc,,,,,
è‡ªæˆ‘ä»‹ç»å°ç§˜å¯†,"Giá»›i thiá»‡u ngáº¯n gá»n vá» báº£n thÃ¢n, Khoe chÃºt bÃ­ máº­t nho nhá»",2. ,2. ,NhÆ°ng biáº¿t kiá»ƒm soÃ¡t cáº£m xÃºc cá»§a mÃ¬nh,,,,,
è‡ªæˆ‘ä»‹ç»å°ç§˜å¯†,"Giá»›i thiá»‡u ngáº¯n gá»n vá» báº£n thÃ¢n, Khoe chÃºt bÃ­ máº­t nho nhá»",2. ,2. ,E chá»n cÃ¡ch sá»‘ng cháº­m Ä‘á»ƒ hiá»ƒu rÃµ mÃ¬nh vÃ  hiá»ƒu ká»¹ ngÆ°á»i ta ná»¯a,,,,,
è‡ªæˆ‘ä»‹ç»å°ç§˜å¯†,"Giá»›i thiá»‡u ngáº¯n gá»n vá» báº£n thÃ¢n, Khoe chÃºt bÃ­ máº­t nho nhá»",2. ,2. ,CÃ³ Ä‘iá»u ko pháº£i ai cÅ©ng biáº¿t vá» e Ä‘Ã³ lÃ  e tá»«ng tá»« chá»‘i vÃ i cÆ¡ há»™i chá»‰ vÃ¬ khÃ´ng muá»‘n Ä‘Ã¡nh Ä‘á»•i sá»± bÃ¬nh yÃªn,,,,,
è‡ªæˆ‘ä»‹ç»å°ç§˜å¯†,"Giá»›i thiá»‡u ngáº¯n gá»n vá» báº£n thÃ¢n, Khoe chÃºt bÃ­ máº­t nho nhá»",2. ,2. ,Vá»›i e giÃ¡ trá»‹ khÃ´ng náº±m á»Ÿ á»“n Ã o mÃ  á»Ÿ viá»‡c mÃ¬nh cÃ³ sá»‘ng Ä‘Ãºng vá»›i Ä‘iá»u mÃ¬nh tin khÃ´ng nÃ¨,,,,,
è‡ªæˆ‘ä»‹ç»å°ç§˜å¯†,"Giá»›i thiá»‡u ngáº¯n gá»n vá» báº£n thÃ¢n, Khoe chÃºt bÃ­ máº­t nho nhá»",2. ,2. ,A cáº£m tháº¥y sao nÃ¨...!,,,,,
è‡ªæˆ‘ä»‹ç»å°ç§˜å¯†,"Giá»›i thiá»‡u ngáº¯n gá»n vá» báº£n thÃ¢n, Khoe chÃºt bÃ­ máº­t nho nhá»",3.,3.,E thuá»™c kiá»ƒu sá»‘ng cÃ³ nguyÃªn táº¯c nháº¹ Ã¡ a..,,,,,
è‡ªæˆ‘ä»‹ç»å°ç§˜å¯†,"Giá»›i thiá»‡u ngáº¯n gá»n vá» báº£n thÃ¢n, Khoe chÃºt bÃ­ máº­t nho nhá»",3.,3.,KhÃ´ng rÃ ng buá»™c ai nhÆ°ng cÅ©ng ko dá»… Ä‘á»ƒ ai bÆ°á»›c vÃ´ Ã¡ nha,,,,,
è‡ªæˆ‘ä»‹ç»å°ç§˜å¯†,"Giá»›i thiá»‡u ngáº¯n gá»n vá» báº£n thÃ¢n, Khoe chÃºt bÃ­ máº­t nho nhá»",3.,3.,Qtrá»ng nháº¥t vá»›i e ko pháº£i lÃ  ngÆ°á»i ta cÃ³ gÃ¬ mÃ  lÃ  ngÆ°á»i ta sá»‘ng ra sao vá»›i chÃ­nh mÃ¬nh vÃ  ngÆ°á»i bÃªn cáº¡nh,,,,,
è‡ªæˆ‘ä»‹ç»å°ç§˜å¯†,"Giá»›i thiá»‡u ngáº¯n gá»n vá» báº£n thÃ¢n, Khoe chÃºt bÃ­ máº­t nho nhá»",3.,3.,"E Ã­t nÃ³i vá» báº£n thÃ¢n, nhÆ°ng ai Ä‘á»§ kiÃªn nháº«n láº¯ng nghe..sáº½ tháº¥y e khÃ´ng pháº£i kiá»ƒu dá»… thay tháº¿ nÃ¨",,,,,
è‡ªæˆ‘ä»‹ç»å°ç§˜å¯†,"Giá»›i thiá»‡u ngáº¯n gá»n vá» báº£n thÃ¢n, Khoe chÃºt bÃ­ máº­t nho nhá»",3.,3.,"A cáº£m nháº­n ntn vá» e dáº¡...e mÃºn biáº¿t, a nÃ³i e nghe Ä‘i ",,,,,
è‡ªæˆ‘ä»‹ç»å°ç§˜å¯†,"Giá»›i thiá»‡u ngáº¯n gá»n vá» báº£n thÃ¢n, Khoe chÃºt bÃ­ máº­t nho nhá»",4.,4.,E lÃ  kiá»ƒu ngÆ°á»i thÃ­ch nhá»¯ng thá»© bá»n lÃ¢u nÃ¨ a,,,,,
è‡ªæˆ‘ä»‹ç»å°ç§˜å¯†,"Giá»›i thiá»‡u ngáº¯n gá»n vá» báº£n thÃ¢n, Khoe chÃºt bÃ­ máº­t nho nhá»",4.,4.,Cáº£ trong cÃ´ng viá»‡c láº«n tÃ¬nh cáº£m lun nÃ¨,,,,,
è‡ªæˆ‘ä»‹ç»å°ç§˜å¯†,"Giá»›i thiá»‡u ngáº¯n gá»n vá» báº£n thÃ¢n, Khoe chÃºt bÃ­ máº­t nho nhá»",4.,4.,"Ko cáº§n ai quÃ¡ hoÃ n háº£o, chá»‰ cáº§n Ä‘á»§ tá»­ táº¿ lÃ  e trÃ¢n quÃ½",,,,,
è‡ªæˆ‘ä»‹ç»å°ç§˜å¯†,"Giá»›i thiá»‡u ngáº¯n gá»n vá» báº£n thÃ¢n, Khoe chÃºt bÃ­ máº­t nho nhá»",4.,4.,E sá»‘ng tÃ¬nh cáº£m mÃ  chá»n ai lÃ  ká»¹ láº¯m Ä‘Ã³ nha ,,,,,
è‡ªæˆ‘ä»‹ç»å°ç§˜å¯†,"Giá»›i thiá»‡u ngáº¯n gá»n vá» báº£n thÃ¢n, Khoe chÃºt bÃ­ máº­t nho nhá»",4.,4.,VÃ¬ vá»›i e tÃ¬nh cáº£m tháº­t sá»± ko dá»… thay tháº¿,,,,,
è‡ªæˆ‘ä»‹ç»å°ç§˜å¯†,"Giá»›i thiá»‡u ngáº¯n gá»n vá» báº£n thÃ¢n, Khoe chÃºt bÃ­ máº­t nho nhá»",4.,4.,A cÃ³ tin vÃ´ chuyá»‡n â€œgáº·p Ä‘Ãºng ngÆ°á»i Ä‘Ãºng lÃºcâ€ hÃ´ng nÃ¨... e thÃ¬ tin láº¯m Ä‘Ã³ ,,,,,
å…³å¿ƒå·¥ä½œç”Ÿæ´»å»ºç«‹ä¿¡ä»»,"Há»i han vá» cÃ´ng viá»‡c, cuá»™c sá»‘ng cá»§a ngÆ°á»i ta. Táº¡o cáº£m giÃ¡c tin tÆ°á»Ÿng, an tÃ¢m",1.,1.,Dáº¡o nÃ y a Ä‘i lÃ m á»•n hÃ´ng Ã¡?,,,,,
å…³å¿ƒå·¥ä½œç”Ÿæ´»å»ºç«‹ä¿¡ä»»,"Há»i han vá» cÃ´ng viá»‡c, cuá»™c sá»‘ng cá»§a ngÆ°á»i ta. Táº¡o cáº£m giÃ¡c tin tÆ°á»Ÿng, an tÃ¢m",1.,1.,Cv cÃ³ Ã¡p lá»±c gÃ¬ ko a,,,,,
å…³å¿ƒå·¥ä½œç”Ÿæ´»å»ºç«‹ä¿¡ä»»,"Há»i han vá» cÃ´ng viá»‡c, cuá»™c sá»‘ng cá»§a ngÆ°á»i ta. Táº¡o cáº£m giÃ¡c tin tÆ°á»Ÿng, an tÃ¢m",1.,1.,"E tháº¥y máº¥y bá»¯a a hay online khuya, hÃ´ng biáº¿t a cÃ³ viá»‡c báº­n hay sao ná»¯a..",,,,,
å…³å¿ƒå·¥ä½œç”Ÿæ´»å»ºç«‹ä¿¡ä»»,"Há»i han vá» cÃ´ng viá»‡c, cuá»™c sá»‘ng cá»§a ngÆ°á»i ta. Táº¡o cáº£m giÃ¡c tin tÆ°á»Ÿng, an tÃ¢m",1.,1.,A cÃ³ hay tÃ¢m sá»± vs ai ko a ..,,,,,
å…³å¿ƒå·¥ä½œç”Ÿæ´»å»ºç«‹ä¿¡ä»»,"Há»i han vá» cÃ´ng viá»‡c, cuá»™c sá»‘ng cá»§a ngÆ°á»i ta. Táº¡o cáº£m giÃ¡c tin tÆ°á»Ÿng, an tÃ¢m",1.,1.,"E há»i v thÃ´i chá»› k tÃ² mÃ² gÃ¬ Ä‘Ã¢u, chá»‰ lÃ â€¦",,,,,
å…³å¿ƒå·¥ä½œç”Ÿæ´»å»ºç«‹ä¿¡ä»»,"Há»i han vá» cÃ´ng viá»‡c, cuá»™c sá»‘ng cá»§a ngÆ°á»i ta. Táº¡o cáº£m giÃ¡c tin tÆ°á»Ÿng, an tÃ¢m",1.,1.,"Náº¿u lÃºc nÃ o Ä‘Ã³ a tháº¥y má»‡t, cáº§n ng nghe cho nháº¹ lÃ²ng thÃ¬ e á»Ÿ Ä‘Ã¢y nha",,,,,
å…³å¿ƒå·¥ä½œç”Ÿæ´»å»ºç«‹ä¿¡ä»»,"Há»i han vá» cÃ´ng viá»‡c, cuá»™c sá»‘ng cá»§a ngÆ°á»i ta. Táº¡o cáº£m giÃ¡c tin tÆ°á»Ÿng, an tÃ¢m",1.,1.,E k giá»i khuyÃªn hay nÃ³i Ä‘áº¡o lÃ½ gÃ¬ Ä‘Ã¢u,,,,,
å…³å¿ƒå·¥ä½œç”Ÿæ´»å»ºç«‹ä¿¡ä»»,"Há»i han vá» cÃ´ng viá»‡c, cuá»™c sá»‘ng cá»§a ngÆ°á»i ta. Táº¡o cáº£m giÃ¡c tin tÆ°á»Ÿng, an tÃ¢m",1.,1.,MÃ  ai nÃ³i e nghe Ä‘c háº¿t Ã¡ nghe ká»¹ ná»¯a lÃ  khÃ¡c..,,,,,
å…³å¿ƒå·¥ä½œç”Ÿæ´»å»ºç«‹ä¿¡ä»»,"Há»i han vá» cÃ´ng viá»‡c, cuá»™c sá»‘ng cá»§a ngÆ°á»i ta. Táº¡o cáº£m giÃ¡c tin tÆ°á»Ÿng, an tÃ¢m",1.,1.,Táº¡i e hiá»ƒu cáº£m giÃ¡c cÃ´ Ä‘Æ¡n trong im láº·ng nÃ³ má»‡t cá»¡ nÃ o luÃ´n Ã¡,,,,,
å…³å¿ƒå·¥ä½œç”Ÿæ´»å»ºç«‹ä¿¡ä»»,"Há»i han vá» cÃ´ng viá»‡c, cuá»™c sá»‘ng cá»§a ngÆ°á»i ta. Táº¡o cáº£m giÃ¡c tin tÆ°á»Ÿng, an tÃ¢m",2.,2.,Bá»¯a nay a Ä‘i lÃ m zui k?,,,,,
å…³å¿ƒå·¥ä½œç”Ÿæ´»å»ºç«‹ä¿¡ä»»,"Há»i han vá» cÃ´ng viá»‡c, cuá»™c sá»‘ng cá»§a ngÆ°á»i ta. Táº¡o cáº£m giÃ¡c tin tÆ°á»Ÿng, an tÃ¢m",2.,2.,CÃ³ ai lÃ m a bá»±c k?,,,,,
å…³å¿ƒå·¥ä½œç”Ÿæ´»å»ºç«‹ä¿¡ä»»,"Há»i han vá» cÃ´ng viá»‡c, cuá»™c sá»‘ng cá»§a ngÆ°á»i ta. Táº¡o cáº£m giÃ¡c tin tÆ°á»Ÿng, an tÃ¢m",2.,2.,"E biáº¿t Ä‘i lÃ m gáº·p nhiá»u kiá»ƒu ng láº¯m, nhÃ¬u lÃºc tá»©c  mÃ  k nÃ³i nÃªn lá»i lun Ã¡",,,,,
å…³å¿ƒå·¥ä½œç”Ÿæ´»å»ºç«‹ä¿¡ä»»,"Há»i han vá» cÃ´ng viá»‡c, cuá»™c sá»‘ng cá»§a ngÆ°á»i ta. Táº¡o cáº£m giÃ¡c tin tÆ°á»Ÿng, an tÃ¢m",2.,2.,NhÆ°ng mÃ  nhiá»u lÃºc tá»©c mÃ  cÆ°á»i cho qua chá»› sao giá» a ha...,,,,,
å…³å¿ƒå·¥ä½œç”Ÿæ´»å»ºç«‹ä¿¡ä»»,"Há»i han vá» cÃ´ng viá»‡c, cuá»™c sá»‘ng cá»§a ngÆ°á»i ta. Táº¡o cáº£m giÃ¡c tin tÆ°á»Ÿng, an tÃ¢m",2.,2.,"MÃ  náº¿u a muá»‘n xáº£ gÃ¬ Ä‘Ã³ cho Ä‘á»¡ bÃ­ thÃ¬ cá»© nÃ³i vá»›i e nhaâ€¦e hÃ´ng phÃ¡n xÃ©t gÃ¬ Ä‘Ã¢u, e chá»‰ ngá»“i láº¯ng nghe a tÃ¢m sá»± thÃ´i",,,,,
å…³å¿ƒå·¥ä½œç”Ÿæ´»å»ºç«‹ä¿¡ä»»,"Há»i han vá» cÃ´ng viá»‡c, cuá»™c sá»‘ng cá»§a ngÆ°á»i ta. Táº¡o cáº£m giÃ¡c tin tÆ°á»Ÿng, an tÃ¢m",3. ,3. ,Tá»‘i nay a má»‡t k?,,,,,
å…³å¿ƒå·¥ä½œç”Ÿæ´»å»ºç«‹ä¿¡ä»»,"Há»i han vá» cÃ´ng viá»‡c, cuá»™c sá»‘ng cá»§a ngÆ°á»i ta. Táº¡o cáº£m giÃ¡c tin tÆ°á»Ÿng, an tÃ¢m",3. ,3. ,E tháº¥y a onl mÃ  im ru Ã ,,,,,
å…³å¿ƒå·¥ä½œç”Ÿæ´»å»ºç«‹ä¿¡ä»»,"Há»i han vá» cÃ´ng viá»‡c, cuá»™c sá»‘ng cá»§a ngÆ°á»i ta. Táº¡o cáº£m giÃ¡c tin tÆ°á»Ÿng, an tÃ¢m",3. ,3. ,E bÃ­t cÃ³ nhiá»u lÃºc k vui nhÆ°ng cÅ©ng k muá»‘n nÃ³i vá»›i ai háº¿t trÆ¡n Ã¡,,,,,
å…³å¿ƒå·¥ä½œç”Ÿæ´»å»ºç«‹ä¿¡ä»»,"Há»i han vá» cÃ´ng viá»‡c, cuá»™c sá»‘ng cá»§a ngÆ°á»i ta. Táº¡o cáº£m giÃ¡c tin tÆ°á»Ÿng, an tÃ¢m",3. ,3. ,E hiá»ƒu cáº£m giÃ¡c Ä‘Ã³ láº¯m luÃ´n..NhÆ°ng mÃ  a Æ¡i..,,,,,
å…³å¿ƒå·¥ä½œç”Ÿæ´»å»ºç«‹ä¿¡ä»»,"Há»i han vá» cÃ´ng viá»‡c, cuá»™c sá»‘ng cá»§a ngÆ°á»i ta. Táº¡o cáº£m giÃ¡c tin tÆ°á»Ÿng, an tÃ¢m",3. ,3. ,Chá»‰ lÃ  náº¿u cÃ³ 1 ng bÃ­t láº¯ng nghe thÃ¬ dá»… thá»Ÿ hÆ¡n nhÃ¬u Ã¡ a...náº¿u a cáº§n ai nhÆ° zá»‹ Ã³ thÃ¬ cÃ³ e á»Ÿ Ä‘Ã¢y nhen ğŸ˜š,,,,,
å­¦å†æ•™è‚²å·¥ä½œèŒä½,"Há»c váº¥n: trÆ°á»ng Ä‘áº¡i há»c, chuyÃªn ngÃ nh CÃ´ng viá»‡c: ngÃ nh nghá», vá»‹ trÃ­, nhiá»‡m vá»¥ háº±ng ngÃ y",1. ,1. ,Há»“i trc a há»c trg nÃ o dzáº¡?,,,,,
å­¦å†æ•™è‚²å·¥ä½œèŒä½,"Há»c váº¥n: trÆ°á»ng Ä‘áº¡i há»c, chuyÃªn ngÃ nh CÃ´ng viá»‡c: ngÃ nh nghá», vá»‹ trÃ­, nhiá»‡m vá»¥ háº±ng ngÃ y",1. ,1. ,A há»c Ä‘Ãºng ngÃ nh a Ä‘ang lÃ m hÃ´ng nÃ¨,,,,,
å­¦å†æ•™è‚²å·¥ä½œèŒä½,"Há»c váº¥n: trÆ°á»ng Ä‘áº¡i há»c, chuyÃªn ngÃ nh CÃ´ng viá»‡c: ngÃ nh nghá», vá»‹ trÃ­, nhiá»‡m vá»¥ háº±ng ngÃ y",1. ,1. ,MÃ  a há»c chuyÃªn ngÃ nh gÃ¬ Ã¡.. há»i gÃ¬ anh cÅ©ng biáº¿t cháº¯c ngÃ y xÆ°a anh há»c Ä‘áº¡i há»c kinh táº¿ háº£,,,,,
å­¦å†æ•™è‚²å·¥ä½œèŒä½,"Há»c váº¥n: trÆ°á»ng Ä‘áº¡i há»c, chuyÃªn ngÃ nh CÃ´ng viá»‡c: ngÃ nh nghá», vá»‹ trÃ­, nhiá»‡m vá»¥ háº±ng ngÃ y",1. ,1. ,LÃ m cv Ä‘Ã³ cÃ³ má»‡t hÃ´ng..má»—i ngÃ y a Ä‘i lÃ m lÃ  lÃ m máº¥y viá»‡c gÃ¬ chÃ­nh Ã¡,,,,,
å­¦å†æ•™è‚²å·¥ä½œèŒä½,"Há»c váº¥n: trÆ°á»ng Ä‘áº¡i há»c, chuyÃªn ngÃ nh CÃ´ng viá»‡c: ngÃ nh nghá», vá»‹ trÃ­, nhiá»‡m vá»¥ háº±ng ngÃ y",1. ,1. ,CÃ³ ngÃ y nÃ o má»‡t muá»‘n táº¯t nÃ£o k a ha..? E nghe lÃ m vÄƒn phÃ²ng mÃ  deadline dÃ­ lÃ  xá»‰u,,,,,
å­¦å†æ•™è‚²å·¥ä½œèŒä½,"Há»c váº¥n: trÆ°á»ng Ä‘áº¡i há»c, chuyÃªn ngÃ nh CÃ´ng viá»‡c: ngÃ nh nghá», vá»‹ trÃ­, nhiá»‡m vá»¥ háº±ng ngÃ y",2.,2.,A lÃ m bÃªn ngÃ nh gÃ¬ záº¡?,,,,,
å­¦å†æ•™è‚²å·¥ä½œèŒä½,"Há»c váº¥n: trÆ°á»ng Ä‘áº¡i há»c, chuyÃªn ngÃ nh CÃ´ng viá»‡c: ngÃ nh nghá», vá»‹ trÃ­, nhiá»‡m vá»¥ háº±ng ngÃ y",2.,2.,CÃ³ pháº£i Ä‘Ãºng ngÃ nh a há»c luÃ´n hÃ´ng?,,,,,
å­¦å†æ•™è‚²å·¥ä½œèŒä½,"Há»c váº¥n: trÆ°á»ng Ä‘áº¡i há»c, chuyÃªn ngÃ nh CÃ´ng viá»‡c: ngÃ nh nghá», vá»‹ trÃ­, nhiá»‡m vá»¥ háº±ng ngÃ y",2.,2.,NgÃ nh Ä‘Ã³ e nghe thÃ¬ quen chá»› thiá»‡t ra hong rÃ nh láº¯m Ã¡,,,,,
å­¦å†æ•™è‚²å·¥ä½œèŒä½,"Há»c váº¥n: trÆ°á»ng Ä‘áº¡i há»c, chuyÃªn ngÃ nh CÃ´ng viá»‡c: ngÃ nh nghá», vá»‹ trÃ­, nhiá»‡m vá»¥ háº±ng ngÃ y",2.,2.,NgÃ nh nÃ y lÃ m lÃ¢u cÃ³ Ã¡p lá»±c nhiá»u hÃ´ng a?,,,,,
å­¦å†æ•™è‚²å·¥ä½œèŒä½,"Há»c váº¥n: trÆ°á»ng Ä‘áº¡i há»c, chuyÃªn ngÃ nh CÃ´ng viá»‡c: ngÃ nh nghá», vá»‹ trÃ­, nhiá»‡m vá»¥ háº±ng ngÃ y",2.,2.,A Ä‘ang giá»¯ vá»‹ trÃ­ gÃ¬ trong cty váº­y nÃ¨? Nghe sang quÃ¡ chá»«ng Ã¡,,,,,
å­¦å†æ•™è‚²å·¥ä½œèŒä½,"Há»c váº¥n: trÆ°á»ng Ä‘áº¡i há»c, chuyÃªn ngÃ nh CÃ´ng viá»‡c: ngÃ nh nghá», vá»‹ trÃ­, nhiá»‡m vá»¥ háº±ng ngÃ y",2.,2.,LÃ m v a cÃ³ pháº£i quáº£n lÃ½ ai k hay lÃ m Ä‘á»™c láº­p thÃ´i a ,,,,,
å­¦å†æ•™è‚²å·¥ä½œèŒä½,"Há»c váº¥n: trÆ°á»ng Ä‘áº¡i há»c, chuyÃªn ngÃ nh CÃ´ng viá»‡c: ngÃ nh nghá», vá»‹ trÃ­, nhiá»‡m vá»¥ háº±ng ngÃ y",2.,2.,"Vá»‹ trÃ­ nÃ y a lÃ m lÃ¢u chÆ°a nÃ¨, cÃ³ tÃ­nh lÃªn cao ná»¯a hÃ´ng a ha",,,,,
å­¦å†æ•™è‚²å·¥ä½œèŒä½,"Há»c váº¥n: trÆ°á»ng Ä‘áº¡i há»c, chuyÃªn ngÃ nh CÃ´ng viá»‡c: ngÃ nh nghá», vá»‹ trÃ­, nhiá»‡m vá»¥ háº±ng ngÃ y",3.,3.,Cv má»—i ngÃ y a lÃ m gÃ¬ lÃ  chÃ­nh v a á»›iii...,,,,,
å­¦å†æ•™è‚²å·¥ä½œèŒä½,"Há»c váº¥n: trÆ°á»ng Ä‘áº¡i há»c, chuyÃªn ngÃ nh CÃ´ng viá»‡c: ngÃ nh nghá», vá»‹ trÃ­, nhiá»‡m vá»¥ háº±ng ngÃ y",3.,3.,Quáº£n lÃ½ team hay lo vá» chuyÃªn mÃ´n Ã¡ a,,,,,
å­¦å†æ•™è‚²å·¥ä½œèŒä½,"Há»c váº¥n: trÆ°á»ng Ä‘áº¡i há»c, chuyÃªn ngÃ nh CÃ´ng viá»‡c: ngÃ nh nghá», vá»‹ trÃ­, nhiá»‡m vá»¥ háº±ng ngÃ y",3.,3.,"E tháº¥y ai lÃ m vÄƒn phÃ²ng hay kÃªu bá»‹ deadline dÃ­ miáº¿t, hÃ´ng biáº¿t a cÃ³ bá»‹ dÃ­ hÃ´ng ta..?",,,,,
å­¦å†æ•™è‚²å·¥ä½œèŒä½,"Há»c váº¥n: trÆ°á»ng Ä‘áº¡i há»c, chuyÃªn ngÃ nh CÃ´ng viá»‡c: ngÃ nh nghá», vá»‹ trÃ­, nhiá»‡m vá»¥ háº±ng ngÃ y",3.,3.,A há»c ngÃ nh Ä‘Ã³ xong Ä‘i lÃ m luÃ´n nghá» Ä‘Ã³ cÅ©ng giá»i láº¯m luÃ´n Ã¡ trá»iiii...,,,,,
å­¦å†æ•™è‚²å·¥ä½œèŒä½,"Há»c váº¥n: trÆ°á»ng Ä‘áº¡i há»c, chuyÃªn ngÃ nh CÃ´ng viá»‡c: ngÃ nh nghá», vá»‹ trÃ­, nhiá»‡m vá»¥ háº±ng ngÃ y",3.,3.,Chá»© e toÃ n tháº¥y ngÆ°á»i ta ráº½ ngang háº¿t trÆ¡n ğŸ˜†,,,,,
å­¦å†æ•™è‚²å·¥ä½œèŒä½,"Há»c váº¥n: trÆ°á»ng Ä‘áº¡i há»c, chuyÃªn ngÃ nh CÃ´ng viá»‡c: ngÃ nh nghá», vá»‹ trÃ­, nhiá»‡m vá»¥ háº±ng ngÃ y",3.,3.,MÃ  a cÃ³ hÃ i lÃ²ng vá»‹ trÃ­ hiá»‡n táº¡i chÆ°a hay cÃ²n muá»‘n lÃªn ná»¯a Ã¡..?,,,,,
å­¦å†æ•™è‚²å·¥ä½œèŒä½,"Há»c váº¥n: trÆ°á»ng Ä‘áº¡i há»c, chuyÃªn ngÃ nh CÃ´ng viá»‡c: ngÃ nh nghá», vá»‹ trÃ­, nhiá»‡m vá»¥ háº±ng ngÃ y",3.,3.,"E nghÄ© a kiá»ƒu ng k nhá»¯ng lÃ m vÃ¬ Ä‘am mÃª vÃ  cÃ²n vÃ¬ trÃ¡ch nhiá»‡m ná»¯a, Ä‘Ãºng hÃ´ng a iuuu :))",,,,,
å®¶åº­çˆ¶æ¯å…„å¼Ÿå§å¦¹,"Gia Ä‘Ã¬nh: ba máº¹, anh chá»‹ em, khÃ´ng khÃ­ nhÃ  cá»­a",1.,1.,NhÃ  a cÃ³ máº¥y ace v nÃ¨..?,,,,,
å®¶åº­çˆ¶æ¯å…„å¼Ÿå§å¦¹,"Gia Ä‘Ã¬nh: ba máº¹, anh chá»‹ em, khÃ´ng khÃ­ nhÃ  cá»­a",1.,1.,Ba máº¹ a cÃ²n khoáº» hÃ´ng..cÃ³ sá»‘ng chung vá»›i a luÃ´n k ,,,,,
å®¶åº­çˆ¶æ¯å…„å¼Ÿå§å¦¹,"Gia Ä‘Ã¬nh: ba máº¹, anh chá»‹ em, khÃ´ng khÃ­ nhÃ  cá»­a",1.,1.,A cÃ³ hay vá» nhÃ  chÆ¡i vá»›i ba máº¹ hong hay báº­n Ä‘i lÃ m suá»‘t luÃ´n a ha... ,,,,,
å®¶åº­çˆ¶æ¯å…„å¼Ÿå§å¦¹,"Gia Ä‘Ã¬nh: ba máº¹, anh chá»‹ em, khÃ´ng khÃ­ nhÃ  cá»­a",1.,1.,NhÃ  a bÃ¬nh thÆ°á»ng vui váº» hÃ´ng cÃ³ hay quÃ¢y quáº§n Äƒn cÆ¡m chung k?,,,,,
å®¶åº­çˆ¶æ¯å…„å¼Ÿå§å¦¹,"Gia Ä‘Ã¬nh: ba máº¹, anh chá»‹ em, khÃ´ng khÃ­ nhÃ  cá»­a",1.,1.,E tháº¥y ai lá»›n lÃªn trong nhÃ  áº¥m Ã¡p lÃ  nhÃ¬n cÃ¡ch nÃ³i chuyá»‡n tháº¥y khÃ¡c liá»n luÃ´n nhen ,,,,,
å®¶åº­çˆ¶æ¯å…„å¼Ÿå§å¦¹,"Gia Ä‘Ã¬nh: ba máº¹, anh chá»‹ em, khÃ´ng khÃ­ nhÃ  cá»­a",2.,2.,Ba máº¹ a lá»›n tuá»•i láº¯m k a ha..,,,,,
å®¶åº­çˆ¶æ¯å…„å¼Ÿå§å¦¹,"Gia Ä‘Ã¬nh: ba máº¹, anh chá»‹ em, khÃ´ng khÃ­ nhÃ  cá»­a",2.,2.,Ba máº¹ a cÃ³ á»Ÿ gáº§n a k hay sao a ha..,,,,,
å®¶åº­çˆ¶æ¯å…„å¼Ÿå§å¦¹,"Gia Ä‘Ã¬nh: ba máº¹, anh chá»‹ em, khÃ´ng khÃ­ nhÃ  cá»­a",2.,2.,A cÃ³ hay chia sáº» chuyá»‡n cv hay má»‡t má»i trong nhÃ  k?,,,,,
å®¶åº­çˆ¶æ¯å…„å¼Ÿå§å¦¹,"Gia Ä‘Ã¬nh: ba máº¹, anh chá»‹ em, khÃ´ng khÃ­ nhÃ  cá»­a",2.,2.,E há»i váº­y thÃ´i chá»› táº¡i e tháº¥y ai mÃ  cÃ³ gÄ‘ áº¥m Ã¡p Ã¡ lÃ  nhÃ¬n vÃ´ lÃ  tháº¥y sá»± tá»­ táº¿ liá»n,,,,,
å®¶åº­çˆ¶æ¯å…„å¼Ÿå§å¦¹,"Gia Ä‘Ã¬nh: ba máº¹, anh chá»‹ em, khÃ´ng khÃ­ nhÃ  cá»­a",3.,3.,"Ba máº¹ a dá»… tÃ­nh hÃ´ng a, CÃ´ chÃº cÃ³ hay há»i chuyá»‡n tÃ¬nh cáº£m cá»§a a hÃ´ng Ã¡",,,,,
å®¶åº­çˆ¶æ¯å…„å¼Ÿå§å¦¹,"Gia Ä‘Ã¬nh: ba máº¹, anh chá»‹ em, khÃ´ng khÃ­ nhÃ  cá»­a",3.,3., A cÃ³ hay phá»¥ máº¹ náº¥u Äƒn hÃ´ng dáº¡ ta,,,,,
å®¶åº­çˆ¶æ¯å…„å¼Ÿå§å¦¹,"Gia Ä‘Ã¬nh: ba máº¹, anh chá»‹ em, khÃ´ng khÃ­ nhÃ  cá»­a",3.,3.,"A cÃ³ hay dáº¯t ba máº¹ Ä‘i chÆ¡i, Äƒn uá»‘ng nÃ y kia hÃ´ng a, e tháº¥y ai lÃ m Ä‘c váº­y lÃ  thÆ°Æ¡ng nhÃ  dá»¯ láº¯m luÃ´n Ã¡ ",,,,,
å®¶åº­çˆ¶æ¯å…„å¼Ÿå§å¦¹,"Gia Ä‘Ã¬nh: ba máº¹, anh chá»‹ em, khÃ´ng khÃ­ nhÃ  cá»­a",3.,3.,A lÃ  kiá»ƒu hay lo cho gÄ‘ láº¯m hen..táº¡i nhÃ¬n a lÃ  tháº¥y kiá»ƒu sá»‘ng tÃ¬nh cáº£m Ã¡ ğŸ˜š,,,,,
å®¶åº­çˆ¶æ¯å…„å¼Ÿå§å¦¹,"Gia Ä‘Ã¬nh: ba máº¹, anh chá»‹ em, khÃ´ng khÃ­ nhÃ  cá»­a",4. ,4. ,A lÃ  kiá»ƒu hay vá» quÃª chÆ¡i vá»›i gÄ‘ hay á»Ÿ SG suá»‘t luÃ´n dáº¡,,,,,
å®¶åº­çˆ¶æ¯å…„å¼Ÿå§å¦¹,"Gia Ä‘Ã¬nh: ba máº¹, anh chá»‹ em, khÃ´ng khÃ­ nhÃ  cá»­a",4. ,4. ,Ba máº¹ a cÃ³ hay gá»i Ä‘iá»‡n há»i thÄƒm hÃ´ng? Hay kiá»ƒu hiá»ƒu tÃ­nh a nÃªn Ä‘á»ƒ a tá»± sá»‘ng tá»± biáº¿t chÄƒm mÃ¬nh Ã¡..,,,,,
å®¶åº­çˆ¶æ¯å…„å¼Ÿå§å¦¹,"Gia Ä‘Ã¬nh: ba máº¹, anh chá»‹ em, khÃ´ng khÃ­ nhÃ  cá»­a",4. ,4. ,A cÃ³ hay tÃ¢m sá»± chuyá»‡n cv vs ba máº¹ a k nÃ¨,,,,,
å®¶åº­çˆ¶æ¯å…„å¼Ÿå§å¦¹,"Gia Ä‘Ã¬nh: ba máº¹, anh chá»‹ em, khÃ´ng khÃ­ nhÃ  cá»­a",4. ,4. ,"E há»i váº­y chá»› ai mÃ  thÆ°Æ¡ng gÄ‘ thiá»‡t lÃ²ng, thÆ°á»ng sá»‘ng ráº¥t cÃ³ trÃ¡ch nhiá»‡m luÃ´n Ä‘Ã³ nha",,,,,
æœ‹å‹å…³ç³»ç¤¾äº¤æ´»åŠ¨,"Báº¡n bÃ¨: má»‘i quan há»‡, tá»¥ táº­p, hoáº¡t Ä‘á»™ng xÃ£ há»™i",1. ,1. ,Dáº¡o nÃ y cv a báº­n láº¯m k nÃ¨.. cÃ³ hay pháº£i cháº¡y gáº·p khÃ¡ch hÃ ng hÃ´ng a,,,,,
æœ‹å‹å…³ç³»ç¤¾äº¤æ´»åŠ¨,"Báº¡n bÃ¨: má»‘i quan há»‡, tá»¥ táº­p, hoáº¡t Ä‘á»™ng xÃ£ há»™i",1. ,1. ,A thuá»™c team thÃ­ch yÃªn tÄ©nh hay kiá»ƒu pháº£i ra ngoÃ i gáº·p ng ta má»›i tháº¥y cÃ³ nÄƒng lÆ°á»£ng Ã¡,,,,,
æœ‹å‹å…³ç³»ç¤¾äº¤æ´»åŠ¨,"Báº¡n bÃ¨: má»‘i quan há»‡, tá»¥ táº­p, hoáº¡t Ä‘á»™ng xÃ£ há»™i",1. ,1. ,"A hay Ä‘i nháº­u hay cf vs Ä‘á»“ng nghiá»‡p, báº¡n bÃ¨ k a..",,,,,
æœ‹å‹å…³ç³»ç¤¾äº¤æ´»åŠ¨,"Báº¡n bÃ¨: má»‘i quan há»‡, tá»¥ táº­p, hoáº¡t Ä‘á»™ng xÃ£ há»™i",1. ,1. ,"Trong nhÃ³m báº¡n a cÃ³ hay chÆ¡i chung vá»›i báº¡n ná»¯ hÃ´ng? E há»i cho biáº¿t thÃ´i nhen, chá»› e k pháº£i gu hay suy diá»…n Ã¡ ğŸ˜",,,,,
æœ‹å‹å…³ç³»ç¤¾äº¤æ´»åŠ¨,"Báº¡n bÃ¨: má»‘i quan há»‡, tá»¥ táº­p, hoáº¡t Ä‘á»™ng xÃ£ há»™i",1. ,1. ,CÃ³ khi nÃ o báº¡n a hiá»ƒu a hÆ¡n cáº£ ngÆ°á»i yÃªu chÆ°a?,,,,,
æœ‹å‹å…³ç³»ç¤¾äº¤æ´»åŠ¨,"Báº¡n bÃ¨: má»‘i quan há»‡, tá»¥ táº­p, hoáº¡t Ä‘á»™ng xÃ£ há»™i",1. ,1. ,Táº¡i e tin mqh báº¡n bÃ¨ mÃ  cháº¥t lÃ  gáº¯n bÃ³ kiá»ƒu ráº¥t sÃ¢u lÃ  hiá»ƒu nhau dá»¯ lÃ©m,,,,,
æœ‹å‹å…³ç³»ç¤¾äº¤æ´»åŠ¨,"Báº¡n bÃ¨: má»‘i quan há»‡, tá»¥ táº­p, hoáº¡t Ä‘á»™ng xÃ£ há»™i",2.,2.,A hay Ä‘i gáº·p Ä‘á»‘i tÃ¡c hay lÃ m trong cty lÃ  chÃ­nh v?,,,,,
æœ‹å‹å…³ç³»ç¤¾äº¤æ´»åŠ¨,"Báº¡n bÃ¨: má»‘i quan há»‡, tá»¥ táº­p, hoáº¡t Ä‘á»™ng xÃ£ há»™i",2.,2.,Cv kiá»ƒu váº­y cÃ³ thÆ°á»ng pháº£i ra ngoÃ i giao lÆ°u nhiá»u hÃ´ng Ã¡?,,,,,
æœ‹å‹å…³ç³»ç¤¾äº¤æ´»åŠ¨,"Báº¡n bÃ¨: má»‘i quan há»‡, tá»¥ táº­p, hoáº¡t Ä‘á»™ng xÃ£ há»™i",2.,2.,Báº¡n thÃ¢n a lÃ  kiá»ƒu tri ká»· lÃ¢u nÄƒm hay thá»‰nh thoáº£ng má»›i gáº·p tÃ¡m chuyá»‡n Ä‘á»i dáº¡..e thÃ¬ hay cf tÃ¡m chuyá»‡n vá»›i báº¡n láº¯m,,,,,
æœ‹å‹å…³ç³»ç¤¾äº¤æ´»åŠ¨,"Báº¡n bÃ¨: má»‘i quan há»‡, tá»¥ táº­p, hoáº¡t Ä‘á»™ng xÃ£ há»™i",2.,2.,Trong nhÃ³m báº¡n a chÆ¡i cÃ³ báº¡n ná»¯ nhiá»u hong? E tháº¥y a vui váº» v cháº¯c Ä‘Æ°á»£c lÃ²ng máº¥y báº¡n ná»¯ láº¯m Ã¡,,,,,
æœ‹å‹å…³ç³»ç¤¾äº¤æ´»åŠ¨,"Báº¡n bÃ¨: má»‘i quan há»‡, tá»¥ táº­p, hoáº¡t Ä‘á»™ng xÃ£ há»™i",2.,2.,"MÃ  a lÃ  kiá»ƒu dá»… chia sáº» tÃ¢m sá»± vá»›i báº¡n, hay giá»¯ trong lÃ²ng háº¿t luÃ´n dáº¡? nÃ³i cho e bÃ­t Ä‘i mÃ ",,,,,
æœ‹å‹å…³ç³»ç¤¾äº¤æ´»åŠ¨,"Báº¡n bÃ¨: má»‘i quan há»‡, tá»¥ táº­p, hoáº¡t Ä‘á»™ng xÃ£ há»™i",3. ,3. ,A hay Ä‘i Ä‘Ã¢u cho thÆ° giÃ£n sau giá» lÃ m hÃ´ng?,,,,,
æœ‹å‹å…³ç³»ç¤¾äº¤æ´»åŠ¨,"Báº¡n bÃ¨: má»‘i quan há»‡, tá»¥ táº­p, hoáº¡t Ä‘á»™ng xÃ£ há»™i",3. ,3. ,"E chá»‰ thÃ­ch vá» nhÃ  nghá»‰ ngÆ¡, cuá»‘i tuáº§n e má»›i ra ngoÃ i thÆ° giÃ£n. A cÃ³ nhÆ° e hÃ´ng Ã¡",,,,,
æœ‹å‹å…³ç³»ç¤¾äº¤æ´»åŠ¨,"Báº¡n bÃ¨: má»‘i quan há»‡, tá»¥ táº­p, hoáº¡t Ä‘á»™ng xÃ£ há»™i",3. ,3. ,NhÃ¬n a v cháº¯c mqh xÃ£ há»™i rá»™ng láº¯m hen,,,,,
æœ‹å‹å…³ç³»ç¤¾äº¤æ´»åŠ¨,"Báº¡n bÃ¨: má»‘i quan há»‡, tá»¥ táº­p, hoáº¡t Ä‘á»™ng xÃ£ há»™i",3. ,3. ,Báº¡n bÃ¨ nhiá»u cháº¯c nt tá»›i tá»‘i chÆ°a háº¿t quÃ¡ a ha hihi ,,,,,
æœ‹å‹å…³ç³»ç¤¾äº¤æ´»åŠ¨,"Báº¡n bÃ¨: má»‘i quan há»‡, tá»¥ táº­p, hoáº¡t Ä‘á»™ng xÃ£ há»™i",3. ,3. ,NhÃ¬n anh trÃ´ng Ä‘áº¹p trai váº­y cháº¯c nhiá»u má»‘i quan há»‡ lÃ  báº¡n ná»¯ láº¯m hÃ©n ,,,,,
æœ‹å‹å…³ç³»ç¤¾äº¤æ´»åŠ¨,"Báº¡n bÃ¨: má»‘i quan há»‡, tá»¥ táº­p, hoáº¡t Ä‘á»™ng xÃ£ há»™i",3. ,3. ,E há»i v thÃ´i chá»› kiá»ƒu a sá»‘ng tÃ¬nh cáº£m cháº¯c Ä‘c nhÃ¬u ng yÃªu máº¿n láº¯m,,,,,
æœ‹å‹å…³ç³»ç¤¾äº¤æ´»åŠ¨,"Báº¡n bÃ¨: má»‘i quan há»‡, tá»¥ táº­p, hoáº¡t Ä‘á»™ng xÃ£ há»™i",3. ,3. ,MÃ  cÃ³ ai tá»«ng say náº¯ng nháº¹ b ná»¯ nÃ o chÆ°a?,,,,,
æœ‹å‹å…³ç³»ç¤¾äº¤æ´»åŠ¨,"Báº¡n bÃ¨: má»‘i quan há»‡, tá»¥ táº­p, hoáº¡t Ä‘á»™ng xÃ£ há»™i",3. ,3. ,E há»i chÆ¡i váº­y thÃ´i chá»› cÅ©ng muá»‘n biáº¿t a lÃ  kiá»ƒu rÃµ rÃ ng hay hay Ä‘á»ƒ má»i thá»© tÃ¹y cáº£m xÃºc Ã¡ hihi,,,,,
å¯¹äº‹ä¸šé‡‘é’±å¥åº·æ€åº¦,"ThÃ¡i Ä‘á»™ vá»›i sá»± nghiá»‡p, tiá»n báº¡c, sá»©c khá»e",1.,1.,"Quan Ä‘iá»ƒm cá»§a e lÃ  Æ°u tiÃªn cÃ´ng viá»‡c hÃ ng Ä‘áº§u sau Ä‘Ã³ má»›i Ä‘áº¿n sá»Ÿ thÃ­ch, cÃ²n a thÃ¬ sao nÃ¨ ?",,,,,
å¯¹äº‹ä¸šé‡‘é’±å¥åº·æ€åº¦,"ThÃ¡i Ä‘á»™ vá»›i sá»± nghiá»‡p, tiá»n báº¡c, sá»©c khá»e",1.,1.,TrÃ´ng a cÃ³ váº» báº­n nhÆ° váº­y thÃ¬ a sáº¯p xáº¿p cÃ´ng viá»‡c a ntn záº­y a...,,,,,
å¯¹äº‹ä¸šé‡‘é’±å¥åº·æ€åº¦,"ThÃ¡i Ä‘á»™ vá»›i sá»± nghiá»‡p, tiá»n báº¡c, sá»©c khá»e",1.,1.,"Äá»‘i vá»›i e cÃ³ tiá»n lÃ  giáº£i quyáº¿t Ä‘c táº¥t cáº£, cÃ²n snghÄ© cá»§a a ntn... ?",,,,,
å¯¹äº‹ä¸šé‡‘é’±å¥åº·æ€åº¦,"ThÃ¡i Ä‘á»™ vá»›i sá»± nghiá»‡p, tiá»n báº¡c, sá»©c khá»e",2. ,2. ,"Tháº­t lÃ²ng e mÃºn biáº¿t...a lÃ  kiá»ƒu ng Ä‘áº·t sá»± nghiá»‡p lÃªn Ä‘áº§u hay cáº§n sá»± cÃ¢n báº±ng giá»¯a cv, cuá»™c sá»‘ng vÃ  tÃ¬nh cáº£m záº­y áº¡",,,,,
å¯¹äº‹ä¸šé‡‘é’±å¥åº·æ€åº¦,"ThÃ¡i Ä‘á»™ vá»›i sá»± nghiá»‡p, tiá»n báº¡c, sá»©c khá»e",2. ,2. ,"E lÃ  ng lun bá»‹ cuá»‘n vÃ o cÃ´ng viá»‡c, Ä‘á»‘i vá»›i e cv lÃ  trÃªn háº¿t vÃ¬ k tiá»n k lÃ m phiá»n Ä‘c thiÃªn háº¡ a Æ¡i...",,,,,
å¯¹äº‹ä¸šé‡‘é’±å¥åº·æ€åº¦,"ThÃ¡i Ä‘á»™ vá»›i sá»± nghiá»‡p, tiá»n báº¡c, sá»©c khá»e",2. ,2. ,CÃ²n a hiá»‡n táº¡i thá»© gÃ¬ Ä‘ang chiáº¿m tÃ¢m trÃ­ a nhiá»u nháº¥t? ,,,,,
å¯¹äº‹ä¸šé‡‘é’±å¥åº·æ€åº¦,"ThÃ¡i Ä‘á»™ vá»›i sá»± nghiá»‡p, tiá»n báº¡c, sá»©c khá»e",3.,3.,"E lÃ  kiá»ƒu con gÃ¡i Ä‘á»™c láº­p Ã¡â€¦thÃ­ch kiáº¿m tiá»n thÃ­ch lÃ m chá»§ cuá»™c sá»‘ng cá»§a mÃ¬nh, cÃ²n a thÃ¬ s..?",,,,,
å¯¹äº‹ä¸šé‡‘é’±å¥åº·æ€åº¦,"ThÃ¡i Ä‘á»™ vá»›i sá»± nghiá»‡p, tiá»n báº¡c, sá»©c khá»e",3.,3.,Quan Ä‘iá»ƒm cá»§a e lÃ  Æ°u tiÃªn cÃ´ng viá»‡c hÃ ng Ä‘áº§u rá»“i má»›i tá»›i sá»Ÿ thÃ­ch hay máº¥y thá»© vui váº» khÃ¡c nÃ¨,,,,,
å¯¹äº‹ä¸šé‡‘é’±å¥åº·æ€åº¦,"ThÃ¡i Ä‘á»™ vá»›i sá»± nghiá»‡p, tiá»n báº¡c, sá»©c khá»e",3.,3.,"E nghÄ© khi cÃ²n tráº» chá»‹u cá»±c trÆ°á»›c sÆ°á»›ng sau cÃ²n hÆ¡n cá»© sá»‘ng kiá»ƒu tuá»³ duyÃªn mÃ  khÃ´ng lo gÃ¬ háº¿t, a ok hÃ´ng?",,,,,
å¯¹äº‹ä¸šé‡‘é’±å¥åº·æ€åº¦,"ThÃ¡i Ä‘á»™ vá»›i sá»± nghiá»‡p, tiá»n báº¡c, sá»©c khá»e",3.,3.,NhÃ¬n a thÃ¬ cÅ©ng báº­n rá»™n ghÃª Ã¡ cháº¯c cÅ©ng Ä‘ang lo nhiá»u thá»© láº¯m a hÃ©n,,,,,
å¯¹äº‹ä¸šé‡‘é’±å¥åº·æ€åº¦,"ThÃ¡i Ä‘á»™ vá»›i sá»± nghiá»‡p, tiá»n báº¡c, sá»©c khá»e",3.,3.,"Suy nghÄ© cá»§a a vá» tiá»n báº¡c, vá» trÃ¡ch nhiá»‡m trong cuá»™c sá»‘ng ntn nÃ¨?",,,,,
è§£å†³é—®é¢˜æ–¹å¼,CÃ¡ch giáº£i quyáº¿t váº¥n Ä‘á»: gáº·p khÃ³ thÃ¬ xá»­ lÃ½ ra sao,1.,1.,Trong cÃ´ng viá»‡c náº¿u gáº·p khÃ³ khÄƒn thÃ¬ a xá»­ lÃ½ ntn záº­y?,,,,,
è§£å†³é—®é¢˜æ–¹å¼,CÃ¡ch giáº£i quyáº¿t váº¥n Ä‘á»: gáº·p khÃ³ thÃ¬ xá»­ lÃ½ ra sao,1.,1.,Anh cÃ³ Ä‘á»“ng tÃ¬nh vá»›i viá»‡c tÃ¬m hiá»ƒu má»™t lÃºc nhiá»u ng ko a,,,,,
è§£å†³é—®é¢˜æ–¹å¼,CÃ¡ch giáº£i quyáº¿t váº¥n Ä‘á»: gáº·p khÃ³ thÃ¬ xá»­ lÃ½ ra sao,1.,1.,Äi lÃ m xa mÃ  bá»‘ máº¹ á»‘m vá» khÃ´ng Ä‘Æ°á»£c thÃ¬ a pháº£i lÃ m sao?,,,,,
è§£å†³é—®é¢˜æ–¹å¼,CÃ¡ch giáº£i quyáº¿t váº¥n Ä‘á»: gáº·p khÃ³ thÃ¬ xá»­ lÃ½ ra sao,2. ,2. ,"E tÃ² mÃ² k biáº¿t má»—i láº§n a gáº·p chuyá»‡n khÃ³ xá»­ hay Ã¡p lá»±c Ã¡..a thÆ°á»ng chá»n cÃ¡ch giáº£i quyáº¿t ntn, cÃ³ thá»ƒ chia sáº» vá»›i e hÃ´ng?",,,,,
è§£å†³é—®é¢˜æ–¹å¼,CÃ¡ch giáº£i quyáº¿t váº¥n Ä‘á»: gáº·p khÃ³ thÃ¬ xá»­ lÃ½ ra sao,2. ,2. ,A lÃ  kiá»ƒu bÃ¬nh tÄ©nh tÃ¬m hÆ°á»›ng giáº£i quyáº¿t hay Ä‘á»ƒ má»i thá»© qua cáº£m xÃºc rá»“i má»›i tÃ­nh tiáº¿p záº­y?,,,,,
è§£å†³é—®é¢˜æ–¹å¼,CÃ¡ch giáº£i quyáº¿t váº¥n Ä‘á»: gáº·p khÃ³ thÃ¬ xá»­ lÃ½ ra sao,2. ,2. ,CÃ³ tá»«ng rÆ¡i vÃ´ tÃ¬nh huá»‘ng pháº£i chá»n giá»¯a viá»‡c quan trá»ng vÃ  gia Ä‘Ã¬nh chÆ°a?,,,,,
è§£å†³é—®é¢˜æ–¹å¼,CÃ¡ch giáº£i quyáº¿t váº¥n Ä‘á»: gáº·p khÃ³ thÃ¬ xá»­ lÃ½ ra sao,2. ,2. ,A cÃ³ nghÄ© lÃ  khi mÃ¬nh tháº­t sá»± thÆ°Æ¡ng ai Ä‘Ã³ thÃ¬ sáº½ k cÃ³ chuyá»‡n tÃ¬m hiá»ƒu thÃªm ai khÃ¡c ná»¯a giá»‘ng e ko?,,,,,
è§£å†³é—®é¢˜æ–¹å¼,CÃ¡ch giáº£i quyáº¿t váº¥n Ä‘á»: gáº·p khÃ³ thÃ¬ xá»­ lÃ½ ra sao,3. ,3. ,Trong cÃ´ng viá»‡c náº¿u gáº·p khÃ³ khÄƒn thÃ¬ a thÆ°á»ng xá»­ lÃ½ sao?,,,,,
è§£å†³é—®é¢˜æ–¹å¼,CÃ¡ch giáº£i quyáº¿t váº¥n Ä‘á»: gáº·p khÃ³ thÃ¬ xá»­ lÃ½ ra sao,3. ,3. ,LÃ m liá»n hay a sáº½ im láº·ng má»™t chÃºt rá»“i má»›i giáº£i quyáº¿t?,,,,,
è§£å†³é—®é¢˜æ–¹å¼,CÃ¡ch giáº£i quyáº¿t váº¥n Ä‘á»: gáº·p khÃ³ thÃ¬ xá»­ lÃ½ ra sao,3. ,3. ,VÃ­ dá»¥ nhÆ° Ä‘i lÃ m xa mÃ  ba máº¹ á»‘m vá» khÃ´ng Ä‘Æ°á»£c thÃ¬ a lÃ m sao?,,,,,
è§£å†³é—®é¢˜æ–¹å¼,CÃ¡ch giáº£i quyáº¿t váº¥n Ä‘á»: gáº·p khÃ³ thÃ¬ xá»­ lÃ½ ra sao,3. ,3. ,"A cÃ³ tá»«ng thÆ°Æ¡ng ai mÃ  rÃµ rÃ ng ngay tá»« Ä‘áº§u, kiá»ƒu khÃ´ng cáº§n thá»­ lÃ²ng â€“ chá»‰ cáº§n giá»¯ lÃ²ng thÃ´i chÆ°a?",,,,,
æ”¶å…¥å·¥èµ„æŠ•èµ„,"Thu nháº­p: lÆ°Æ¡ng, kinh doanh, Ä‘áº§u tÆ°",1.,1.,Tháº¥y a hay Ä‘i du lá»‹ch Äƒn uá»‘ng sang cháº£nh tháº¿ kia cháº¯c cÅ©ng lÃ  Ä‘áº¡i gia chá»© k pháº£i dÃ¢n thÆ°á»ng Ä‘Ãºng hem nÃ¨?,,,,,
æ”¶å…¥å·¥èµ„æŠ•èµ„,"Thu nháº­p: lÆ°Æ¡ng, kinh doanh, Ä‘áº§u tÆ°",1.,1.,A lÃ m nghá» nÃ y lÃ¢u rá»“i cháº¯c thu nháº­p cÅ©ng á»•n Ä‘á»‹nh a ha...,,,,,
æ”¶å…¥å·¥èµ„æŠ•èµ„,"Thu nháº­p: lÆ°Æ¡ng, kinh doanh, Ä‘áº§u tÆ°",1.,1.,E cÅ©ng Ä‘ag mÃºn thay Ä‘á»•i cv giá»‘ng a nhÆ°ng ko biáº¿t thu nháº­p cv nÃ y bÃªn anh cÃ³ cao hÃ´ng ta,,,,,
æ”¶å…¥å·¥èµ„æŠ•èµ„,"Thu nháº­p: lÆ°Æ¡ng, kinh doanh, Ä‘áº§u tÆ°",1.,1.,E tháº¥y giá» tá»‰nh cá»§a a nhiá»u ng tá»›i Ä‘áº§u tÆ° Ä‘áº¥t láº¯m Ã¡ nha..a cÃ³ mua miáº¿ng Ä‘áº¥t nÃ o Ä‘á»ƒ giÃ nh cÆ°á»›i vk chÆ°a ta hihi,,,,,
æ”¶å…¥å·¥èµ„æŠ•èµ„,"Thu nháº­p: lÆ°Æ¡ng, kinh doanh, Ä‘áº§u tÆ°",2.,2.,"Tháº¥y a hay Ä‘i du lá»‹ch, Äƒn uá»‘ng sang cháº£nh záº­y cháº¯c cÅ©ng lÃ  ngÆ°á»i cá»§a giá»›i Ä‘áº§u tÆ° chá»› Ä‘Ã¢u pháº£i dÃ¢n thÆ°á»ng Ä‘Ã¢u haaaa...",,,,,
æ”¶å…¥å·¥èµ„æŠ•èµ„,"Thu nháº­p: lÆ°Æ¡ng, kinh doanh, Ä‘áº§u tÆ°",2.,2.,"A lÃ m nghá» nÃ y cháº¯c Ä‘iáº¿m tiá»n má»i tay a hÃ©n, e nhÃ¬n cÃ¡i style lÃ  Ä‘oÃ¡n ra sá»‘ dÆ° tÃ i khoáº£n k dÆ°á»›i 9 sá»‘ 0 Ã¡ nha hahaha",,,,,
æ”¶å…¥å·¥èµ„æŠ•èµ„,"Thu nháº­p: lÆ°Æ¡ng, kinh doanh, Ä‘áº§u tÆ°",2.,2.,E thÃ¬ Ä‘ang tÃ­nh Ä‘á»•i hÆ°á»›ng lÃ m Äƒn giá»‘ng a mÃ  chÆ°a dÃ¡m nháº£yâ€¦sá»£ nháº£y sai lÃ  trÃ´i luÃ´n Ã¡ kkk,,,,,
æ”¶å…¥å·¥èµ„æŠ•èµ„,"Thu nháº­p: lÆ°Æ¡ng, kinh doanh, Ä‘áº§u tÆ°",2.,2.,"Vá»›i e nhÃ¬n tháº¥y a lÃ  biáº¿t cÃ³ mÃ¡u báº¥t Ä‘á»™ng sáº£n rá»“i, tá»‰nh a giá» Ä‘áº¥t sá»‘t láº¯m nha ",,,,,
æ”¶å…¥å·¥èµ„æŠ•èµ„,"Thu nháº­p: lÆ°Æ¡ng, kinh doanh, Ä‘áº§u tÆ°",2.,2.,A cÃ³ thá»§ sáºµn miáº¿ng nÃ o Ä‘á»ƒ dÃ nh cÆ°á»›i vá»£ chÆ°a ta..hay chá» ai há»i má»›i má»Ÿ sá»• Ä‘á» Ã¡,,,,,
æ”¶å…¥å·¥èµ„æŠ•èµ„,"Thu nháº­p: lÆ°Æ¡ng, kinh doanh, Ä‘áº§u tÆ°",3.,3.,Dáº¡o nÃ y a hay check in máº¥y chá»— Äƒn xá»‹n view Ä‘áº¹pâ€¦cháº¯c e lá»¡ follow nháº§m Ä‘áº¡i gia chá»© há»•ng pháº£i ng thÆ°á»ng hÃ©n,,,,,
æ”¶å…¥å·¥èµ„æŠ•èµ„,"Thu nháº­p: lÆ°Æ¡ng, kinh doanh, Ä‘áº§u tÆ°",3.,3.,A lÃ m nghá» nÃ y bao lÃ¢u rá»“i mÃ  nhÃ¬n lifestyle tháº¥y tá»± tin tÃ i chÃ­nh dá»¯ ha..má»—i ngÃ y nhÃ¬n a lÃªn hÃ¬nh e tháº¥y cÃ³ Ä‘á»™ng lá»±c kÃ­m tiá»n hÆ¡n nÃ¨,,,,,
æ”¶å…¥å·¥èµ„æŠ•èµ„,"Thu nháº­p: lÆ°Æ¡ng, kinh doanh, Ä‘áº§u tÆ°",3.,3.,"E há»i thiá»‡t nhaâ€¦lÃ m bÃªn Ä‘Ã³ thu nháº­p cÃ³ á»•n hong Ã¡..táº¡i e Ä‘ang tÃ­nh Ä‘á»•i viá»‡c mÃ  cÃ²n hÆ¡i sá»£, cÃ³ gÃ¬ a chÃ­u cá»‘ e nha",,,,,
æ”¶å…¥å·¥èµ„æŠ•èµ„,"Thu nháº­p: lÆ°Æ¡ng, kinh doanh, Ä‘áº§u tÆ°",3.,3.,"Vá»›i a cÃ³ váº» kiá»ƒu biáº¿t nhÃ¬n xa, e nhÃ¬n a mÃ  e tháº¥y a kiá»ƒu nÃ y cháº¯c cÃ³ thá»§ Ä‘áº¥t thá»§ vÃ ng Ä‘Ã¢u Ä‘Ã³ rá»“i hÃ©n...nay vÃ ng lÃªn quÃ¡ chá»«ng lun a",,,,,
åŸºæœ¬èµ„äº§æˆ¿è½¦å‚¨è“„,"TÃ i sáº£n cÆ¡ báº£n: nhÃ  cá»­a, xe cá»™, tiáº¿t kiá»‡m/Ä‘áº§u tÆ° nhÆ° tháº¿ nÃ o",1.,1.,E thÃ¬ cÃ³ tiÃ¨n lag gá»­i ngÃ¢n hÃ ng láº¥y lÃ£i vá»›i Ä‘áº§u tÆ° má»™t Ã­t bÃªn BÄS cÃ²n anh thÃ¬ sao nÃ¨?,,,,,
åŸºæœ¬èµ„äº§æˆ¿è½¦å‚¨è“„,"TÃ i sáº£n cÆ¡ báº£n: nhÃ  cá»­a, xe cá»™, tiáº¿t kiá»‡m/Ä‘áº§u tÆ° nhÆ° tháº¿ nÃ o",1.,1.,"Giá» tiá»n máº·t cáº§m nhiá»u nguy hiá»ƒm, e toÃ n bá» vÃ o tiáº¿t kiá»‡m Äƒn lá»i, a cÃ³ snghi giá»‘ng e k nÃ¨?",,,,,
åŸºæœ¬èµ„äº§æˆ¿è½¦å‚¨è“„,"TÃ i sáº£n cÆ¡ báº£n: nhÃ  cá»­a, xe cá»™, tiáº¿t kiá»‡m/Ä‘áº§u tÆ° nhÆ° tháº¿ nÃ o",1.,1.,"BÃ¬nh thÆ°á»ng a Ä‘i lÃ m báº±ng Ã´ tÃ´ hay xe mÃ¡y, dáº¡o nÃ y vÃ o mÃ¹a mÆ°a nÃªn Ä‘i Ã´ tÃ´ lÃ  chÃ¢n Ã¡i lun Ã¡ a",,,,,
åŸºæœ¬èµ„äº§æˆ¿è½¦å‚¨è“„,"TÃ i sáº£n cÆ¡ báº£n: nhÃ  cá»­a, xe cá»™, tiáº¿t kiá»‡m/Ä‘áº§u tÆ° nhÆ° tháº¿ nÃ o",2.,2.,E kiá»ƒu lÃ m bnhiÃªu cÅ©ng gá»­i ngÃ¢n hÃ ng háº¿t chá»› giá»¯ lÃ  bay liá»n ğŸ˜… CÃ²n a thÃ¬ sao tÃ i chÃ­nh tá»± quáº£n háº¿t luÃ´n hay sao Ã¡,,,,,
åŸºæœ¬èµ„äº§æˆ¿è½¦å‚¨è“„,"TÃ i sáº£n cÆ¡ báº£n: nhÃ  cá»­a, xe cá»™, tiáº¿t kiá»‡m/Ä‘áº§u tÆ° nhÆ° tháº¿ nÃ o",2.,2.,"Giá» cáº§m nhiá»u tiá»n máº·t cÅ©ng run Ã¡, e toÃ n bá» tiáº¿t kiá»‡m Äƒn lÃ£i nháº¹ cho cháº¯c nÃ¨...mÃ  a cÃ³ hay Ä‘áº§u tÆ° kiá»ƒu váº­y k hay chÆ¡i lá»›n hÆ¡n?",,,,,
åŸºæœ¬èµ„äº§æˆ¿è½¦å‚¨è“„,"TÃ i sáº£n cÆ¡ báº£n: nhÃ  cá»­a, xe cá»™, tiáº¿t kiá»‡m/Ä‘áº§u tÆ° nhÆ° tháº¿ nÃ o",2.,2.,"Dáº¡o nÃ y vÃ o mÃ¹a mÆ°a rá»“i Ã¡, a hay Ä‘i lÃ m báº±ng xe mÃ¡y hay Ä‘Ã£ cÃ³ Ã´ tÃ´ che mÆ°a che náº¯ng rÃ¹i ?",,,,,
åŸºæœ¬èµ„äº§æˆ¿è½¦å‚¨è“„,"TÃ i sáº£n cÆ¡ báº£n: nhÃ  cá»­a, xe cá»™, tiáº¿t kiá»‡m/Ä‘áº§u tÆ° nhÆ° tháº¿ nÃ o",3.,3.,"E lÃ  kiá»ƒu ng cÃ³ tiá»n trong ng lÃ  hay shoping vÃ´ tá»™i dáº¡ Ã¡ nÃªn má»™t sá»‘ e Ä‘áº§u tÆ° vÃ´ Ä‘áº¥t, sá»‘ cÃ²n láº¡i cÃ¹ng vá»›i báº¡n e mua bÃ¡n tiá»n sá»‘ USDT",,,,,
åŸºæœ¬èµ„äº§æˆ¿è½¦å‚¨è“„,"TÃ i sáº£n cÆ¡ báº£n: nhÃ  cá»­a, xe cá»™, tiáº¿t kiá»‡m/Ä‘áº§u tÆ° nhÆ° tháº¿ nÃ o",3.,3.,CÃ²n a Ã¡ hay bá» tiá»n vÃ´ Ä‘Ã¢u cho sinh lá»i váº­y nÃ¨?,,,,,
åŸºæœ¬èµ„äº§æˆ¿è½¦å‚¨è“„,"TÃ i sáº£n cÆ¡ báº£n: nhÃ  cá»­a, xe cá»™, tiáº¿t kiá»‡m/Ä‘áº§u tÆ° nhÆ° tháº¿ nÃ o",3.,3.,"Trá»i mÆ°a lÃ  e lÆ°á»i cháº¡y xe liá»n Ã¡, e Æ°á»›c gÃ¬ cÃ³ ai chá»Ÿ Ä‘i lÃ m má»—i sÃ¡ng cho bá»›t cá»±c",,,,,
åŸºæœ¬èµ„äº§æˆ¿è½¦å‚¨è“„,"TÃ i sáº£n cÆ¡ báº£n: nhÃ  cá»­a, xe cá»™, tiáº¿t kiá»‡m/Ä‘áº§u tÆ° nhÆ° tháº¿ nÃ o",3.,3.,"MÃ  a Ä‘i lÃ m báº±ng gÃ¬ váº­y xe sá»‘, xe tay ga hayâ€¦xe hÆ¡i cÃ³ sáºµn gháº¿ bÃªn pháº£i Ä‘ang trá»‘ng hÃ´ng nÃ¨",,,,,
åŸºæœ¬èµ„äº§æˆ¿è½¦å‚¨è“„,"TÃ i sáº£n cÆ¡ báº£n: nhÃ  cá»­a, xe cá»™, tiáº¿t kiá»‡m/Ä‘áº§u tÆ° nhÆ° tháº¿ nÃ o",3.,3.,E tháº¥y ai mÃ  cÃ³ nhÃ  cÃ³ xe cÃ³ Ä‘á»‹nh hÆ°á»›ng á»•n rá»“i lÃ  nhÃ¬n vÃ´ tháº¥y vá»¯ng liá»n lun Ã¡,,,,,
çŸ­ä¸­é•¿æœŸç›®æ ‡,Má»¥c tiÃªu: ngáº¯n/trung/dÃ i háº¡n trong cÃ´ng viá»‡c â€“ cuá»™c sá»‘ng,1.,1.,"A Æ¡i..dá»± Ä‘á»‹nh sau nÃ y cá»§a anh lÃ  gÃ¬ váº­y nÃ¨, nÃ³i cho e bÃ­t Ä‘c hem",,,,,
çŸ­ä¸­é•¿æœŸç›®æ ‡,Má»¥c tiÃªu: ngáº¯n/trung/dÃ i háº¡n trong cÃ´ng viá»‡c â€“ cuá»™c sá»‘ng,1.,1.,A cÃ³ muá»‘n sau nÃ y má»Ÿ má»™t cá»­a hÃ ng hay kinh doanh gÃ¬ k a ,,,,,
çŸ­ä¸­é•¿æœŸç›®æ ‡,Má»¥c tiÃªu: ngáº¯n/trung/dÃ i háº¡n trong cÃ´ng viá»‡c â€“ cuá»™c sá»‘ng,1.,1.,A cÃ³ káº¿ hoáº¡ch gÃ¬ cho cv cá»§a a sau nÃ y k a?,,,,,
çŸ­ä¸­é•¿æœŸç›®æ ‡,Má»¥c tiÃªu: ngáº¯n/trung/dÃ i háº¡n trong cÃ´ng viá»‡c â€“ cuá»™c sá»‘ng,1.,1., Trong tÆ°Æ¡ng lai a muá»‘n trá»Ÿ thÃ nh gÃ¬ nÃ¨?,,,,,
çŸ­ä¸­é•¿æœŸç›®æ ‡,Má»¥c tiÃªu: ngáº¯n/trung/dÃ i háº¡n trong cÃ´ng viá»‡c â€“ cuá»™c sá»‘ng,1.,1.,Má»¥c tiÃªu trong cv hiá»‡n táº¡i cá»§a  anh lÃ  gÃ¬ záº­y?,,,,,
çŸ­ä¸­é•¿æœŸç›®æ ‡,Má»¥c tiÃªu: ngáº¯n/trung/dÃ i háº¡n trong cÃ´ng viá»‡c â€“ cuá»™c sá»‘ng,2.,2.,Dá»± Ä‘á»‹nh sáº¯p tá»›i cá»§a a lÃ  gÃ¬ Ã¡..a cÃ³ gÃ¬ Ä‘ang muá»‘n lÃ m liá»n tay lun hong?,,,,,
çŸ­ä¸­é•¿æœŸç›®æ ‡,Má»¥c tiÃªu: ngáº¯n/trung/dÃ i háº¡n trong cÃ´ng viá»‡c â€“ cuá»™c sá»‘ng,2.,2.,Sau nÃ y a cÃ³ muá»‘n tá»± má»Ÿ gÃ¬ lÃ m riÃªng k a hayváº«n thÃ­ch Ä‘i lÃ m cty cho á»•n Ä‘á»‹nh nÃ¨,,,,,
çŸ­ä¸­é•¿æœŸç›®æ ‡,Má»¥c tiÃªu: ngáº¯n/trung/dÃ i háº¡n trong cÃ´ng viá»‡c â€“ cuá»™c sá»‘ng,2.,2.,Vá»›i cv hiá»‡n táº¡i thÃ¬ má»¥c tiÃªu a Ä‘ang hÆ°á»›ng tá»›i lÃ  gÃ¬ záº­y áº¡.. lÃªn vá»‹ trÃ­ cao hÆ¡n hay chuyá»ƒn sang máº£ng khÃ¡c k a ,,,,,
çŸ­ä¸­é•¿æœŸç›®æ ‡,Má»¥c tiÃªu: ngáº¯n/trung/dÃ i háº¡n trong cÃ´ng viá»‡c â€“ cuá»™c sá»‘ng,2.,2.,A cÃ³ nghÄ© tá»›i chuyá»‡n sá»‘ng á»Ÿ SG hay sau nÃ y muá»‘n vá» Ä‘Ã¢u Ä‘Ã³ chill hÆ¡n xÃ­u Ä‘á»ƒ sá»‘ng k ta..e thÃ¬ sau nÃ y sáº½ vá» quÃª kinh doanh chá»© e chÃ¡n á»“n Ã o rÃ¹i ,,,,,
çŸ­ä¸­é•¿æœŸç›®æ ‡,Má»¥c tiÃªu: ngáº¯n/trung/dÃ i háº¡n trong cÃ´ng viá»‡c â€“ cuá»™c sá»‘ng,2.,2.,Vá» lÃ¢u dÃ i a muá»‘n á»•n Ä‘á»‹nh tÃ i chÃ­nh kiá»ƒu nÃ o Ã¡..kiá»ƒu tÃ­ch lÅ©y hay Ä‘áº§u tÆ°? E thÃ­ch Ä‘áº§u tÆ° kinh doanh k sá»£ Ä‘Ã³i,,,,,
çŸ­ä¸­é•¿æœŸç›®æ ‡,Má»¥c tiÃªu: ngáº¯n/trung/dÃ i háº¡n trong cÃ´ng viá»‡c â€“ cuá»™c sá»‘ng,2.,2.,"A cÃ³ tá»«ng Ä‘áº·t 1 má»¥c tiÃªu nÃ o ráº¥t rÃµ cho báº£n thÃ¢n chÆ°a a, kiá»ƒu nháº¥t Ä‘á»‹nh pháº£i Ä‘áº¡t Ä‘Æ°á»£c áº¥y",,,,,
çŸ­ä¸­é•¿æœŸç›®æ ‡,Má»¥c tiÃªu: ngáº¯n/trung/dÃ i háº¡n trong cÃ´ng viá»‡c â€“ cuá»™c sá»‘ng,3.,3.,Dáº¡o nÃ y a cÃ³ Ä‘ang theo Ä‘uá»•i má»¥c tiÃªu gÃ¬ cá»¥ thá»ƒ k a,,,,,
çŸ­ä¸­é•¿æœŸç›®æ ‡,Má»¥c tiÃªu: ngáº¯n/trung/dÃ i háº¡n trong cÃ´ng viá»‡c â€“ cuá»™c sá»‘ng,3.,3.,"Trong cv hiá»‡n táº¡i a muá»‘n tiáº¿n tá»›i Ä‘Ã¢u..? lÃªn chá»©c, Ä‘á»•i ngÃ nh, hay tá»± lÃ m riÃªng záº­y ",,,,,
çŸ­ä¸­é•¿æœŸç›®æ ‡,Má»¥c tiÃªu: ngáº¯n/trung/dÃ i háº¡n trong cÃ´ng viá»‡c â€“ cuá»™c sá»‘ng,3.,3.,"A cÃ³ tá»«ng bá»‹ mÃ¢u thuáº«n kiá»ƒu lÃ m hoÃ i 1 cv mÃ  lÃ²ng thÃ¬ láº¡i hÆ°á»›ng sang cÃ¡i khÃ¡c chÆ°a a, e tá»«ng nhÆ° váº­y rá»“i nÃ¨ rá»‘i láº¯m lun",,,,,
çŸ­ä¸­é•¿æœŸç›®æ ‡,Má»¥c tiÃªu: ngáº¯n/trung/dÃ i háº¡n trong cÃ´ng viá»‡c â€“ cuá»™c sá»‘ng,3.,3.,A cÃ³ tá»«ng Ä‘áº·t ra 1 cá»™t má»‘c nÃ o Ä‘Ã³ cho chÃ­nh mÃ¬nh chÆ°a? E thÃ¬ trÆ°á»›c 30t pháº£i cÃ³ nhÃ  Ä‘áº¹p bÃ¡o hiáº¿u cho cha máº¹ rá»“i má»›i yÃªn tÃ¢m láº¥y chá»“ng,,,,,
çŸ­ä¸­é•¿æœŸç›®æ ‡,Má»¥c tiÃªu: ngáº¯n/trung/dÃ i háº¡n trong cÃ´ng viá»‡c â€“ cuá»™c sá»‘ng,3.,3.,CÃ²n vá» cuá»™c sá»‘ng a thÃ­ch kiá»ƒu yÃªn bÃ¬nh á»•n Ä‘á»‹nh hay sá»‘ng kiá»ƒu k bá»‹ bÃ³ buá»™c záº­y nÃ¨,,,,,
æƒ³å°è¯•æ–°é¢†åŸŸ,"Äiá»u muá»‘n thá»­: lÄ©nh vá»±c má»›i, tráº£i nghiá»‡m má»›i",1. ,1. ,A cÃ³ muá»‘n sau nÃ y mÃ¬nh trá»Ÿ thÃ nh chá»§ cáº£ lÃ m chá»§ kinh táº¿ vÃ  táº¡o nhÃ¬u cÃ´ng Äƒn viá»‡c lÃ m cho ngkhac k?,,,,,
æƒ³å°è¯•æ–°é¢†åŸŸ,"Äiá»u muá»‘n thá»­: lÄ©nh vá»±c má»›i, tráº£i nghiá»‡m má»›i",1. ,1. ,Cv cá»§a a nhÆ° nÃ y khÃ¡ lÃ  an nhÃ n váº­y a cÃ³ muá»‘n thay Ä‘á»•i cv Ä‘á»ƒ phÃ¡t triá»ƒn hÆ¡n k aï¼Ÿ,,,,,
æƒ³å°è¯•æ–°é¢†åŸŸ,"Äiá»u muá»‘n thá»­: lÄ©nh vá»±c má»›i, tráº£i nghiá»‡m má»›i",1. ,1. ,"Ä‘Ã n Ã´ng lÃ  cáº§n thá»­ thÃ¡ch, anh cÃ³ dá»± Ä‘á»‹nh cho sau nÃ y gÃ¬ chÆ°a nÃ¨?",,,,,
æƒ³å°è¯•æ–°é¢†åŸŸ,"Äiá»u muá»‘n thá»­: lÄ©nh vá»±c má»›i, tráº£i nghiá»‡m má»›i",2.,2.,Sau nÃ y a cÃ³ muá»‘n lÃ m chá»§ riÃªng 1 cÃ¡i gÃ¬ Ä‘Ã³ hÃ´ng hay váº«n thÃ­ch kiá»ƒu á»•n Ä‘á»‹nh an toÃ n záº­y nÃ¨,,,,,
æƒ³å°è¯•æ–°é¢†åŸŸ,"Äiá»u muá»‘n thá»­: lÄ©nh vá»±c má»›i, tráº£i nghiá»‡m má»›i",2.,2.,Cv hiá»‡n táº¡i cá»§a a tháº¥y cÅ©ng nhÃ n ghÃª a ha...,,,,,
æƒ³å°è¯•æ–°é¢†åŸŸ,"Äiá»u muá»‘n thá»­: lÄ©nh vá»±c má»›i, tráº£i nghiá»‡m má»›i",2.,2.,A cÃ³ muá»‘n Ä‘á»•i hÆ°á»›ng Ä‘á»ƒ phÃ¡t triá»ƒn hÆ¡n hÃ´ng?,,,,,
æƒ³å°è¯•æ–°é¢†åŸŸ,"Äiá»u muá»‘n thá»­: lÄ©nh vá»±c má»›i, tráº£i nghiá»‡m má»›i",2.,2.,E thÃ¬ nghÄ© Ä‘Ã n Ã´ng mÃ  sá»‘ng mÃ£i trong vÃ¹ng an toÃ n thÃ¬ hÆ¡i uá»•ng Ã¡ ,,,,,
æƒ³å°è¯•æ–°é¢†åŸŸ,"Äiá»u muá»‘n thá»­: lÄ©nh vá»±c má»›i, tráº£i nghiá»‡m má»›i",2.,2.,A cÃ³ tá»«ng nghÄ© tá»›i 1 cÃ¡i gÃ¬ Ä‘Ã³ liá»u 1 láº§n cho tÆ°Æ¡ng lai rá»±c rá»¡ chÆ°a nÃ¨,,,,,
æƒ³å°è¯•æ–°é¢†åŸŸ,"Äiá»u muá»‘n thá»­: lÄ©nh vá»±c má»›i, tráº£i nghiá»‡m má»›i",2.,2.,Náº¿u giá» cÃ³ cÆ¡ há»™i dÃ¹ khÃ³ nhÆ°ng Ä‘á»•i láº¡i lÃ  tá»± do vÃ  tiá»m nÄƒng lá»›n thÃ¬ a dÃ¡m thá»­ hÃ´ng?,,,,,
æƒ³å°è¯•æ–°é¢†åŸŸ,"Äiá»u muá»‘n thá»­: lÄ©nh vá»±c má»›i, tráº£i nghiá»‡m má»›i",3. ,3. ,Náº¿u sau nÃ y a lÃ m chá»§ thÃ¬ a muá»‘n lÃ m trong ngÃ nh a Ä‘ang theo luÃ´n hay muá»‘n thá»­ 1 cÃ¡i hoÃ n toÃ n khÃ¡c ?,,,,,
æƒ³å°è¯•æ–°é¢†åŸŸ,"Äiá»u muá»‘n thá»­: lÄ©nh vá»±c má»›i, tráº£i nghiá»‡m má»›i",3. ,3. ,"Táº¡i cÃ³ ngÆ°á»i thÃ nh cÃ´ng trong vÃ¹ng an toÃ n, cÃ³ ngÆ°á»i thÃ¬ phÃ¡t sÃ¡ng khi liá»u Ã¡, k biáº¿t a kiá»ƒu nÃ o ta",,,,,
æƒ³å°è¯•æ–°é¢†åŸŸ,"Äiá»u muá»‘n thá»­: lÄ©nh vá»±c má»›i, tráº£i nghiá»‡m má»›i",3. ,3. ,Nhiá»u lÃºc e nghÄ© Ä‘Ã n Ã´ng mÃ  biáº¿t mÃ¬nh muá»‘n gÃ¬ vÃ   dÃ¡m thá»­ vÃ¬ nÃ³ thÃ¬ nhÃ¬n vÃ o tá»± nhiÃªn tháº¥y thu hÃºt Ã¡ ,,,,,
æ‹çˆ±å©šå§»æœŸæœ›,"Mong Ä‘á»£i vá» yÃªu Ä‘Æ°Æ¡ng/hÃ´n nhÃ¢n cÃ¡ch giao tiáº¿p, Äƒn á»Ÿ sao cho hoÃ  há»£p",1.,1.,Sau nÃ y a mÃºn láº¥y má»™t ng vá»£ ntn dáº¡..dá»‹u dÃ ng biáº¿t chÄƒm sÃ³c gd hay kiá»ƒu giá»i giang Ä‘á»™c láº­p?,,,,,
æ‹çˆ±å©šå§»æœŸæœ›,"Mong Ä‘á»£i vá» yÃªu Ä‘Æ°Æ¡ng/hÃ´n nhÃ¢n cÃ¡ch giao tiáº¿p, Äƒn á»Ÿ sao cho hoÃ  há»£p",1.,1.,A thÃ­ch má»™t ngÆ°á»i con gÃ¡i ntn dáº¡...,,,,,
æ‹çˆ±å©šå§»æœŸæœ›,"Mong Ä‘á»£i vá» yÃªu Ä‘Æ°Æ¡ng/hÃ´n nhÃ¢n cÃ¡ch giao tiáº¿p, Äƒn á»Ÿ sao cho hoÃ  há»£p",1.,1.,Náº¿u quen ai Ä‘Ã³ nghiÃªm tÃºc a mong ngta sáº½ Ä‘á»“ng hÃ nh vá»›i a theo kiá»ƒu nÃ o nÃ¨,,,,,
æ‹çˆ±å©šå§»æœŸæœ›,"Mong Ä‘á»£i vá» yÃªu Ä‘Æ°Æ¡ng/hÃ´n nhÃ¢n cÃ¡ch giao tiáº¿p, Äƒn á»Ÿ sao cho hoÃ  há»£p",1.,1.,A cÃ³ nhiá»u má»‘i quan há»‡ khÃ¡c giá»›i k dáº¡ ta..a Ä‘áº¹p trai záº­y cháº¯c Ä‘Ã o hoa láº¯m nÃ¨,,,,,
æ‹çˆ±å©šå§»æœŸæœ›,"Mong Ä‘á»£i vá» yÃªu Ä‘Æ°Æ¡ng/hÃ´n nhÃ¢n cÃ¡ch giao tiáº¿p, Äƒn á»Ÿ sao cho hoÃ  há»£p",2.,2.,Sau nÃ y a muá»‘n láº¥y 1 ng vá»£ nhÆ° nÃ o záº¡?,,,,,
æ‹çˆ±å©šå§»æœŸæœ›,"Mong Ä‘á»£i vá» yÃªu Ä‘Æ°Æ¡ng/hÃ´n nhÃ¢n cÃ¡ch giao tiáº¿p, Äƒn á»Ÿ sao cho hoÃ  há»£p",2.,2.,"Dá»‹u dÃ ng, biáº¿t Ä‘iá»u hay kiá»ƒu giá»i giang Ä‘á»™c láº­p?",,,,,
æ‹çˆ±å©šå§»æœŸæœ›,"Mong Ä‘á»£i vá» yÃªu Ä‘Æ°Æ¡ng/hÃ´n nhÃ¢n cÃ¡ch giao tiáº¿p, Äƒn á»Ÿ sao cho hoÃ  há»£p",2.,2.,Gu con gÃ¡i cá»§a a lÃ  sao váº­y?,,,,,
æ‹çˆ±å©šå§»æœŸæœ›,"Mong Ä‘á»£i vá» yÃªu Ä‘Æ°Æ¡ng/hÃ´n nhÃ¢n cÃ¡ch giao tiáº¿p, Äƒn á»Ÿ sao cho hoÃ  há»£p",2.,2.,Kiá»ƒu bÃ¡nh bÃ¨o dá»… thÆ°Æ¡ng hay cÃ¡ tÃ­nh Ä‘á»™c láº­p?,,,,,
æ‹çˆ±å©šå§»æœŸæœ›,"Mong Ä‘á»£i vá» yÃªu Ä‘Æ°Æ¡ng/hÃ´n nhÃ¢n cÃ¡ch giao tiáº¿p, Äƒn á»Ÿ sao cho hoÃ  há»£p",2.,2.,E há»i thiá»‡t nha..a cÃ³ nhiá»u mqh báº¡n khÃ¡c giá»›i hÃ´ng,,,,,
æ‹çˆ±å©šå§»æœŸæœ›,"Mong Ä‘á»£i vá» yÃªu Ä‘Æ°Æ¡ng/hÃ´n nhÃ¢n cÃ¡ch giao tiáº¿p, Äƒn á»Ÿ sao cho hoÃ  há»£p",2.,2.,LÃ  thÃ­ch mqh lÃ¢u dÃ i hay thá»‰nh thoáº£ng máº­p má» cho vui?,,,,,
æ‹çˆ±å©šå§»æœŸæœ›,"Mong Ä‘á»£i vá» yÃªu Ä‘Æ°Æ¡ng/hÃ´n nhÃ¢n cÃ¡ch giao tiáº¿p, Äƒn á»Ÿ sao cho hoÃ  há»£p",3.,3.,Náº¿u sau nÃ y cÆ°á»›i vk a mong vk sáº½ lÃ  ngÆ°á»i tháº¿ nÃ o?,,,,,
æ‹çˆ±å©šå§»æœŸæœ›,"Mong Ä‘á»£i vá» yÃªu Ä‘Æ°Æ¡ng/hÃ´n nhÃ¢n cÃ¡ch giao tiáº¿p, Äƒn á»Ÿ sao cho hoÃ  há»£p",3.,3.,"Kiá»ƒu im láº·ng Ä‘á»©ng sau hay lÃ  cÃ¹ng a sÃ¡t cÃ¡nh lÃ m Äƒn, san sáº» Ä‘á»§ thá»©?",,,,,
æ‹çˆ±å©šå§»æœŸæœ›,"Mong Ä‘á»£i vá» yÃªu Ä‘Æ°Æ¡ng/hÃ´n nhÃ¢n cÃ¡ch giao tiáº¿p, Äƒn á»Ÿ sao cho hoÃ  há»£p",3.,3.,A cÃ³ thÃ­ch má»™t ngÆ°á»i phá»¥ ná»¯ cÃ³ thá»ƒ vá»«a dá»‹u dÃ ng vá»«a Ä‘á»™c láº­p tÃ i chÃ­nh k nÃ¨?,,,,,
æ‹çˆ±å©šå§»æœŸæœ›,"Mong Ä‘á»£i vá» yÃªu Ä‘Æ°Æ¡ng/hÃ´n nhÃ¢n cÃ¡ch giao tiáº¿p, Äƒn á»Ÿ sao cho hoÃ  há»£p",3.,3.,Gu yÃªu cá»§a a nghiÃªng vá» cáº£m xÃºc nhiá»u hÆ¡n hay lÃ½ trÃ­ nhiá»u hÆ¡n ta?,,,,,
æ‹çˆ±å©šå§»æœŸæœ›,"Mong Ä‘á»£i vá» yÃªu Ä‘Æ°Æ¡ng/hÃ´n nhÃ¢n cÃ¡ch giao tiáº¿p, Äƒn á»Ÿ sao cho hoÃ  há»£p",3.,3.,NhÃ¬n a v mÃ  e váº«n chÆ°a Ä‘oÃ¡n ra Ä‘Æ°á»£c a nghiÃªm tÃºc hay dá»… rung Ä‘á»™ng ná»¯a Ä‘Ã³ nhe,,,,,
æ‹çˆ±å©šå§»æœŸæœ›,"Mong Ä‘á»£i vá» yÃªu Ä‘Æ°Æ¡ng/hÃ´n nhÃ¢n cÃ¡ch giao tiáº¿p, Äƒn á»Ÿ sao cho hoÃ  há»£p",3.,3.,A cÃ³ kiá»ƒu báº¡n khÃ¡c giá»›i thÃ¢n thiáº¿t cá»¡ nÃ o thÃ¬ váº«n lÃ  thÃ¢n chá»© chÆ°a pháº£i máº­p má» hÃ´ng a,,,,,
æ‹çˆ±å©šå§»æœŸæœ›,"Mong Ä‘á»£i vá» yÃªu Ä‘Æ°Æ¡ng/hÃ´n nhÃ¢n cÃ¡ch giao tiáº¿p, Äƒn á»Ÿ sao cho hoÃ  há»£p",3.,3.,TÃ¬nh yÃªu vá»›i a lÃ  má»™t hÃ nh trÃ¬nh dÃ i bÃªn nhau hay chá»‰ yÃªu Ä‘á»ƒ Ä‘á»¡ trá»‘ng váº¯ng Ã¡ a,,,,,
å®¶åº­å­å¥³è®¡åˆ’,"Dá»± Ä‘á»‹nh vá» gia Ä‘Ã¬nh/con cÃ¡i: khi nÃ o cÆ°á»›i, quan Ä‘iá»ƒm nuÃ´i dáº¡y tráº»",1. ,1. ,Náº¿u giá»¯a cv vÃ  gd pháº£i chá»n 1 thá»© quan trá»ng hÆ¡n thÃ¬ a nghiÃªng vá» bÃªn nÃ o hÆ¡n váº­y nÃ¨?,,,,,
å®¶åº­å­å¥³è®¡åˆ’,"Dá»± Ä‘á»‹nh vá» gia Ä‘Ã¬nh/con cÃ¡i: khi nÃ o cÆ°á»›i, quan Ä‘iá»ƒm nuÃ´i dáº¡y tráº»",1. ,1. ,Sau nÃ y láº¥y vá»£ rá»“i Ã¡ a cÃ³ phá»¥ vá»£ lÃ m viá»‡c nhÃ  khÃ´ng Ä‘Ã³? ,,,,,
å®¶åº­å­å¥³è®¡åˆ’,"Dá»± Ä‘á»‹nh vá» gia Ä‘Ã¬nh/con cÃ¡i: khi nÃ o cÆ°á»›i, quan Ä‘iá»ƒm nuÃ´i dáº¡y tráº»",1. ,1. ,A thÃ­ch cÃ³ con trai hay con gÃ¡i trÆ°á»›c hay chá»‰ cáº§n con khoáº» máº¡nh lÃ  Ä‘Æ°á»£c?,,,,,
å®¶åº­å­å¥³è®¡åˆ’,"Dá»± Ä‘á»‹nh vá» gia Ä‘Ã¬nh/con cÃ¡i: khi nÃ o cÆ°á»›i, quan Ä‘iá»ƒm nuÃ´i dáº¡y tráº»",1. ,1. ,A cÃ³ tá»«ng nghÄ© vá» cÃ¡ch mÃ¬nh sáº½ dáº¡y con chÆ°a?,,,,,
å®¶åº­å­å¥³è®¡åˆ’,"Dá»± Ä‘á»‹nh vá» gia Ä‘Ã¬nh/con cÃ¡i: khi nÃ o cÆ°á»›i, quan Ä‘iá»ƒm nuÃ´i dáº¡y tráº»",1. ,1. ,A thÃ­ch dáº¡y con theo kiá»ƒu Ä‘á»ƒ con tá»± lá»›n theo cÃ¡ch nÃ³ muá»‘n hay dáº¡y ká»¹ tá»« nhá» luÃ´n záº­y a,,,,,
å®¶åº­å­å¥³è®¡åˆ’,"Dá»± Ä‘á»‹nh vá» gia Ä‘Ã¬nh/con cÃ¡i: khi nÃ o cÆ°á»›i, quan Ä‘iá»ƒm nuÃ´i dáº¡y tráº»",1. ,1. ,Sau nÃ y náº¿u vk a muá»‘n theo Ä‘uá»•i sá»± nghiá»‡p thÃ¬ a cÃ³ á»§ng há»™ k hay chá»‰ cáº§n chÄƒm sÃ³c gd tá»‘t lÃ  dc rÃ¹i,,,,,
å®¶åº­å­å¥³è®¡åˆ’,"Dá»± Ä‘á»‹nh vá» gia Ä‘Ã¬nh/con cÃ¡i: khi nÃ o cÆ°á»›i, quan Ä‘iá»ƒm nuÃ´i dáº¡y tráº»",2. ,2. ,"A nghÄ© sau nÃ y vkck nÃªn chia sáº» tÃ i chÃ­nh kiá»ƒu nÃ o lÃ  há»£p lÃ½, nÃªn dÃ¹ng chung hay riÃªng",,,,,
å®¶åº­å­å¥³è®¡åˆ’,"Dá»± Ä‘á»‹nh vá» gia Ä‘Ã¬nh/con cÃ¡i: khi nÃ o cÆ°á»›i, quan Ä‘iá»ƒm nuÃ´i dáº¡y tráº»",2. ,2. ,Náº¿u sau nÃ y hai vkck cÃ¹ng báº­n rá»™n mÃ  cÃ³ con nhá» ná»¯a thÃ¬ a sáºµn sÃ ng giáº£m bá»›t cv Ä‘á»ƒ dÃ nh thá»i gian cho gia Ä‘Ã¬nh k?,,,,,
å®¶åº­å­å¥³è®¡åˆ’,"Dá»± Ä‘á»‹nh vá» gia Ä‘Ã¬nh/con cÃ¡i: khi nÃ o cÆ°á»›i, quan Ä‘iá»ƒm nuÃ´i dáº¡y tráº»",2. ,2. ,E tháº¥y nhiá»u ng sau khi cÆ°á»›i dá»… máº¥t káº¿t ná»‘i Ã¡ a cÃ³ nghÄ© cÃ¡ch nÃ o Ä‘á»ƒ giá»¯ tÃ¬nh cáº£m luÃ´n má»›i nhÆ° lÃºc Ä‘áº§u k a?,,,,,
å®¶åº­å­å¥³è®¡åˆ’,"Dá»± Ä‘á»‹nh vá» gia Ä‘Ã¬nh/con cÃ¡i: khi nÃ o cÆ°á»›i, quan Ä‘iá»ƒm nuÃ´i dáº¡y tráº»",2. ,2. ,A cÃ³ tÆ°á»Ÿng tÆ°á»£ng sau nÃ y mÃ¬nh sáº½ lÃ  kiá»ƒu ng cha nghiÃªm kháº¯c hay tÃ¢m lÃ½ hong,,,,,
å®¶åº­å­å¥³è®¡åˆ’,"Dá»± Ä‘á»‹nh vá» gia Ä‘Ã¬nh/con cÃ¡i: khi nÃ o cÆ°á»›i, quan Ä‘iá»ƒm nuÃ´i dáº¡y tráº»",2. ,2. ,A nghÄ© nÃªn cho con tá»± do phÃ¡t triá»ƒn hay Ä‘á»‹nh hÆ°á»›ng rÃµ rÃ ng tá»« nhá»?,,,,,
å®¶åº­å­å¥³è®¡åˆ’,"Dá»± Ä‘á»‹nh vá» gia Ä‘Ã¬nh/con cÃ¡i: khi nÃ o cÆ°á»›i, quan Ä‘iá»ƒm nuÃ´i dáº¡y tráº»",3.,3.,"A nghÄ© sau nÃ y viá»‡c chÄƒm con nÃªn chia Ä‘á»u hay Ä‘á»ƒ vá»£ lo chÃ­nh, mÃ¬nh phá»¥?",,,,,
å®¶åº­å­å¥³è®¡åˆ’,"Dá»± Ä‘á»‹nh vá» gia Ä‘Ã¬nh/con cÃ¡i: khi nÃ o cÆ°á»›i, quan Ä‘iá»ƒm nuÃ´i dáº¡y tráº»",3.,3.,Náº¿u 2 vkck báº¥t Ä‘á»“ng quan Ä‘iá»ƒm dáº¡y con thÃ¬ a lÃ  ngÆ°á»i nhÆ°á»ng trÆ°á»›c hay chá»n im láº·ng luÃ´n?,,,,,
å®¶åº­å­å¥³è®¡åˆ’,"Dá»± Ä‘á»‹nh vá» gia Ä‘Ã¬nh/con cÃ¡i: khi nÃ o cÆ°á»›i, quan Ä‘iá»ƒm nuÃ´i dáº¡y tráº»",3.,3.,A tháº¥y nÃªn dáº¡y con theo kiá»ƒu nghiÃªm tá»« nhá» cho vÃ o khuÃ´n khá»• hay cá»© Ä‘á»ƒ nÃ³ tá»± lá»›n rá»“i tá»« tá»« uá»‘n sau?,,,,,
å®¶åº­å­å¥³è®¡åˆ’,"Dá»± Ä‘á»‹nh vá» gia Ä‘Ã¬nh/con cÃ¡i: khi nÃ o cÆ°á»›i, quan Ä‘iá»ƒm nuÃ´i dáº¡y tráº»",3.,3.,"A muá»‘n trá»Ÿ thÃ nh kiá»ƒu ba mÃ  con nÃ³ ná»ƒ, hay kiá»ƒu ba mÃ  con nÃ³ tin tÆ°á»Ÿng?",,,,,
å®¶åº­å­å¥³è®¡åˆ’,"Dá»± Ä‘á»‹nh vá» gia Ä‘Ã¬nh/con cÃ¡i: khi nÃ o cÆ°á»›i, quan Ä‘iá»ƒm nuÃ´i dáº¡y tráº»",3.,3.,E thÃ¬ nghÄ© dáº¡y con qtrá»ng nháº¥t lÃ  lÃ m gÆ°Æ¡ng nÃªn nhiá»u lÃºc em tá»± há»i mÃ¬nh cÃ³ Ä‘á»§ tá»­ táº¿ chÆ°a Ä‘á»ƒ sau nÃ y con noi theo chÆ°a vÃ¬ váº­y e lun cá»‘ gáº¯ng hoÃ n thiá»‡n báº£n thÃ¢n tá»«ng ngÃ y lun,,,,,
åˆ†äº«æŠ•èµ„æœºä¼š,"Chia sáº» má»™t cÆ¡ há»™i nhá», lá»£i nhuáº­n thÃ¬ khÃ´ng nhá»",1.,1.,á»¦a a cÃ³ tá»«ng thá»­ Ä‘áº§u tÆ° chÆ°a USDT chÆ°a ta..máº¥y Ä‘á»©a báº¡n e giá» ai cÅ©ng Ä‘áº§u tÆ° dÃ´ Ä‘Ã³ Ã¡,,,,,
åˆ†äº«æŠ•èµ„æœºä¼š,"Chia sáº» má»™t cÆ¡ há»™i nhá», lá»£i nhuáº­n thÃ¬ khÃ´ng nhá»",1.,1.,"E thÃ¬ cÃ³ dÃ¹ng má»™t ná»n táº£ng Ä‘á»ƒ chia vá»‘n ra Ä‘áº§u tÆ° nhá» má»—i ngÃ y, tháº¥y cÅ©ng á»•n Ä‘á»‹nh, k cÄƒng tháº³ng láº¯m",,,,,
åˆ†äº«æŠ•èµ„æœºä¼š,"Chia sáº» má»™t cÆ¡ há»™i nhá», lá»£i nhuáº­n thÃ¬ khÃ´ng nhá»",1.,1.,A cÃ³ há»©ng thÃº tÃ¬m hiá»ƒu máº¥y cÃ¡i Ä‘Ã³ k chá»© e tháº¥y giá» mÃ  chá»‰ lÃ m má»™t nguá»“n thu thÃ¬ hÆ¡i bá»‹ Ä‘uá»‘i thiá»‡t luÃ´n Ã¡ nha,,,,,
åˆ†äº«æŠ•èµ„æœºä¼š,"Chia sáº» má»™t cÆ¡ há»™i nhá», lá»£i nhuáº­n thÃ¬ khÃ´ng nhá»",1.,1.,Náº¿u a muá»‘n thÃ¬ bá»¯a nÃ o e chá»‰ a thá»­ tráº£i nghiá»‡m thá»­ rá»“i tháº¥y há»£p thÃ¬ lÃ m chung cho vui ,,,,,
åˆ†äº«æŠ•èµ„æœºä¼š,"Chia sáº» má»™t cÆ¡ há»™i nhá», lá»£i nhuáº­n thÃ¬ khÃ´ng nhá»",1.,1.,"K cáº§n bá» vá»‘n nhiá»u Ä‘Ã¢u, chá»§ yáº¿u lÃ  a hiá»ƒu cÃ¡ch váº­n hÃ nh nÃ³ thÃ´i nÃ¨..cÅ©ng dá»… láº¯m",,,,,
åˆ†äº«æŠ•èµ„æœºä¼š,"Chia sáº» má»™t cÆ¡ há»™i nhá», lá»£i nhuáº­n thÃ¬ khÃ´ng nhá»",1.,1.,Tháº­t ra e cÅ©ng má»›i báº¯t Ä‘áº§u thá»i gian gáº§n Ä‘Ã¢y thÃ´i nhÆ°ng cÃ³ váº» nhÆ° náº¿u ai siÃªng vÃ  hiá»ƒu Ä‘Æ°á»£c cÃ¡ch chia vá»‘n giá»¯ tÃ¢m lÃ½ á»•n thÃ¬ má»—i ngÃ y cÅ©ng thÃªm chÃºt Ä‘á»‰nh khá»e hÆ¡n chÆ¡i há»¥i ná»¯a kkk,,,,,
åˆ†äº«æŠ•èµ„æœºä¼š,"Chia sáº» má»™t cÆ¡ há»™i nhá», lá»£i nhuáº­n thÃ¬ khÃ´ng nhá»",1.,1.,Náº¿u a muá»‘n test thá»­ thÃ¬ pháº£i lÃ m xÃ¡c minh nhÆ° má»i ná»n táº£ng Ä‘áº§u tÆ° khÃ¡c.. cÃ¡i nÃ y thÃ¬ Ä‘Æ¡n giáº£n thÃ´i lÃ m xong rá»“i a má»›i báº¯t Ä‘áº§u náº¡p rÃºt Ä‘Æ°á»£c bth chá»© chÆ¡i há»¥i bÃ¢y giá» lÃ  auto cÃºng cho chá»§ há»¥i Äƒn lun Ã¡ tr,,,,,
åˆ†äº«æŠ•èµ„æœºä¼š,"Chia sáº» má»™t cÆ¡ há»™i nhá», lá»£i nhuáº­n thÃ¬ khÃ´ng nhá»",2.,2.,á»¦a a tá»«ng thá»­ Ä‘áº§u tÆ° gÃ¬ chÆ°a Ã¡..dáº¡o nÃ y tháº¥y nhiá»u ng kiáº¿m thÃªm má»—i ngÃ y tá»« Ä‘áº§u tÆ° cÅ©ng á»•n láº¯m Ä‘Ã³ nha ,,,,,
åˆ†äº«æŠ•èµ„æœºä¼š,"Chia sáº» má»™t cÆ¡ há»™i nhá», lá»£i nhuáº­n thÃ¬ khÃ´ng nhá»",2.,2.,"E thÃ¬ Ä‘ang dÃ¹ng 1 ná»n táº£ng Ä‘áº§u tÆ° nhá» má»—i ngÃ y thÃ´i chia vá»‘n ra kiá»ƒu nháº¹ nhÃ ng, má»—i ngÃ y nÃ³ sinh lá»i Ä‘á»u Ä‘á»u, khÃ´ng pháº£i lo nhiá»u nÃ¨",,,,,
åˆ†äº«æŠ•èµ„æœºä¼š,"Chia sáº» má»™t cÆ¡ há»™i nhá», lá»£i nhuáº­n thÃ¬ khÃ´ng nhá»",2.,2.,A cÃ³ hay tÃ¬m hiá»ƒu máº¥y cÃ¡i Ä‘Ã³ k a..chá»© giá» mÃ  chá»‰ trÃ´ng vÃ o lÆ°Æ¡ng hay 1 nguá»“n thu thÃ¬ dá»… Ä‘uá»‘i thiá»‡t Ã¡ ,,,,,
åˆ†äº«æŠ•èµ„æœºä¼š,"Chia sáº» má»™t cÆ¡ há»™i nhá», lá»£i nhuáº­n thÃ¬ khÃ´ng nhá»",2.,2.,"E nÃ³i thiá»‡t nha ban Ä‘áº§u e cÅ©ng hÆ¡i phÃ¢n vÃ¢n nhÆ°ng vÃ´ rá»“i má»›i tháº¥y náº¿u mÃ¬nh biáº¿t cÃ¡ch váº­n hÃ nh chia vá»‘n há»£p lÃ½ thÃ¬ má»—i ngÃ y cÅ©ng cÃ³ thÃªm chÃºt Ä‘á»‰nh, Ä‘á»¡ rá»§i ro hÆ¡n chÆ¡i há»¥i nhÃ¬u nha kkkk",,,,,
åˆ†äº«æŠ•èµ„æœºä¼š,"Chia sáº» má»™t cÆ¡ há»™i nhá», lá»£i nhuáº­n thÃ¬ khÃ´ng nhá»",2.,2.,"ChÆ¡i há»¥i bÃ¢y giá» auto bá»‹ dá»±t, a cÃ³ tháº¥y záº­y k?",,,,,
åˆ†äº«æŠ•èµ„æœºä¼š,"Chia sáº» má»™t cÆ¡ há»™i nhá», lá»£i nhuáº­n thÃ¬ khÃ´ng nhá»",2.,2.,"Náº¿u a tháº¥y há»©ng thÃº thÃ¬ bá»¯a nÃ o e chá»‰ a thá»­ tráº£i nghiá»‡m lÃ m chung cho vui, chá»© k cáº§n bá» nhiá»u Ä‘Ã¢u chá»§ yáº¿u lÃ  hiá»ƒu cÆ¡ cháº¿ nÃ³ hoáº¡t Ä‘á»™ng tháº¿ nÃ o thÃ´i Ã¡ a",,,,,
åˆ†äº«æŠ•èµ„æœºä¼š,"Chia sáº» má»™t cÆ¡ há»™i nhá», lá»£i nhuáº­n thÃ¬ khÃ´ng nhá»",2.,2.,"NhÆ° e nÃ¨ má»›i lÃ m dáº¡o gáº§n Ä‘Ã¢y thÃ´i k Ä‘ua lá»›n, e chá»‰ gom nhá» mÃ  tháº¥y á»•n Ä‘á»‹nh tÃ¢m lÃ½ cÅ©ng nháº¹ Ä‘áº§u hÆ¡n nhiá»u, k cáº§n lo láº¯ng nhiá»u mÃ  váº«n cÃ³ tiá»n lá»i má»—i ngÃ y giá»‘ng cho vay tiá»n gÃ³p quÃ¡ kkk",,,,,
åˆ†äº«æŠ•èµ„æœºä¼š,"Chia sáº» má»™t cÆ¡ há»™i nhá», lá»£i nhuáº­n thÃ¬ khÃ´ng nhá»",2.,2.,Ã€ mÃ  náº¿u a muá»‘n test thá»­ thÃ¬ pháº£i lÃ m xÃ¡c minh tÃ i khoáº£n theo quy Ä‘á»‹nh cá»§a ná»n táº£ng nha...lÃ m xong má»›i náº¡p rÃºt Ä‘Æ°á»£c nhÆ° máº¥y sÃ n Ä‘áº§u tÆ° chÃ­nh thá»‘ng khÃ¡c Ä‘Ã³,,,,,
åˆ†äº«æŠ•èµ„æœºä¼š,"Chia sáº» má»™t cÆ¡ há»™i nhá», lá»£i nhuáº­n thÃ¬ khÃ´ng nhá»",3.,3.,Dáº¡o nÃ y a Ä‘i lÃ m cÃ³ á»•n khÃ´ng Ã¡..e tháº¥y nhiá»u ngÆ°á»i xung quanh cá»© than lÃ m hoÃ i mÃ  dÆ° cháº³ng Ä‘Æ°á»£c bao nhiÃªu háº¿t trÆ¡n kÃ¬a,,,,,
åˆ†äº«æŠ•èµ„æœºä¼š,"Chia sáº» má»™t cÆ¡ há»™i nhá», lá»£i nhuáº­n thÃ¬ khÃ´ng nhá»",3.,3.,"E thÃ¬ cÅ©ng tá»«ng váº­y, lÃºc trÆ°á»›c Ä‘i lÃ m cuá»‘i thÃ¡ng tÃ­nh láº¡i há»•ng dÆ° Ä‘Æ°á»£c máº¥y Ä‘á»“ng táº¡i mua quáº§n Ã¡o vá»›i má»¹ pháº©m háº¿t trÆ¡n hÃ  ",,,,,
åˆ†äº«æŠ•èµ„æœºä¼š,"Chia sáº» má»™t cÆ¡ há»™i nhá», lá»£i nhuáº­n thÃ¬ khÃ´ng nhá»",3.,3.,Sau nÃ y má»›i báº¯t Ä‘áº§u há»c báº¡n bÃ¨ cÃ¡ch chia vá»‘n Ä‘áº§u tÆ° nhá» má»—i ngÃ y tháº¥y Ä‘á»¡ Ã¡p lá»±c hÆ¡n nhiá»u luÃ´n..má»—i ngÃ y lá»i Ã­t thÃ´i nhÆ°ng Ä‘á»u vÃ  tÃ¢m lÃ½ cÅ©ng yÃªn hÆ¡n,,,,,
åˆ†äº«æŠ•èµ„æœºä¼š,"Chia sáº» má»™t cÆ¡ há»™i nhá», lá»£i nhuáº­n thÃ¬ khÃ´ng nhá»",3.,3.,Ai cÅ©ng nghÄ© pháº£i cÃ³ tiá»n nhiá»u má»›i lÃ m Ä‘Æ°á»£c mÃ  tháº­t ra báº¯t Ä‘áº§u tá»« nhá» má»›i lÃ  khÃ´n Ã¡ a..kiá»ƒu cÃ³ tráº£i nghiá»‡m cÃ³ há»c rá»“i má»›i Ä‘i xa tiáº¿p Ä‘c ,,,,,
åˆ†äº«æŠ•èµ„æœºä¼š,"Chia sáº» má»™t cÆ¡ há»™i nhá», lá»£i nhuáº­n thÃ¬ khÃ´ng nhá»",3.,3.,Giá» e tháº¥y rÃµ luÃ´n chá»‰ Ä‘i lÃ m hoÃ i mÃ  khÃ´ng biáº¿t sinh lá»i lÃ  mÃ¬nh Ä‘ang máº¥t thá»i gian Ã¡ trong khi chá»‰ cáº§n chia 1 pháº§n nhá» má»—i ngÃ y cÅ©ng táº¡o thÃªm nguá»“n thu nháº­p Ã¹i nÃ¨ hhh khá»e ghÃª,,,,,
åˆ†äº«æŠ•èµ„æœºä¼š,"Chia sáº» má»™t cÆ¡ há»™i nhá», lá»£i nhuáº­n thÃ¬ khÃ´ng nhá»",3.,3.,E há»‘i háº­n s k biáº¿t sá»›m hÆ¡n Ä‘á»ƒ cho Ä‘á»¡ lo chuyá»‡n cÆ¡m Ã¡o gáº¡o tiá»n..Ã  mÃ  náº¿u a cÅ©ng Ä‘ang muá»‘n tÃ¬m thÃªm hÆ°á»›ng khÃ¡c bá»¯a nÃ o e chá»‰ a thá»­ tráº£i nghiá»‡m thá»­ k cáº§n bá» nhiá»u Ä‘Ã¢u chá»§ yáº¿u lÃ  hiá»ƒu nÃ³ váº­n hÃ nh sao thÃ´i hÃ  ,,,,,
åˆ†äº«æŠ•èµ„æœºä¼š,"Chia sáº» má»™t cÆ¡ há»™i nhá», lá»£i nhuáº­n thÃ¬ khÃ´ng nhá»",3.,3.,Ná»n táº£ng e Ä‘ang dÃ¹ng thÃ¬ xÃ¡c minh tÃ i khoáº£n Ä‘Ã ng hoÃ ng náº¡p rÃºt rÃµ rÃ ng..,,,,,
åˆ†äº«æŠ•èµ„æœºä¼š,"Chia sáº» má»™t cÆ¡ há»™i nhá», lá»£i nhuáº­n thÃ¬ khÃ´ng nhá»",3.,3.,"A test thá»­ vÃ i bÆ°á»›c lÃ  hiá»ƒu liá»n cÃ²n há»£p hay khÃ´ng mÃ¬nh tÃ­nh tiáº¿p hen, cÃ¹ng nhau kiáº¿m tiá»n lo cho tÆ°Æ¡ng lai a Æ¡iii ",,,,,
æš§æ˜§,Máº­p má»,1.,1.,A cÃ³ Ä‘ang nch vá»›i ai mÃ  k pháº£i ngÆ°á»i yÃªu nhÆ°ng tl tn lÃ¢u má»™t chÃºt lÃ  tháº¥y ghen hÃ´ng a...e Ä‘ang bá»‹ nhÆ° váº­y nÃ¨,,,,,
æš§æ˜§,Máº­p má»,2.,2.,"CÃ³ ngÆ°á»i e chÆ°a tá»«ng nÃ³i thÃ­ch, chÆ°a tá»«ng tá» tÃ¬nh nhÆ°ng má»—i láº§n nt cho há» lÃ  lÃ²ng cáº£m tháº¥y bÃ¬nh yÃªn...a cÃ³ Ä‘ang lÃ  kiá»ƒu ngÆ°á»i váº­y trong lÃ²ng ai chÆ°a?",,,,,
æš§æ˜§,Máº­p má»,3.,3.,"Náº¿u tá»‘i nay e nÃ³i e tháº¥y nhá»›...a Ä‘á»c rá»“i im láº·ng hay sáº½ tl ""anh cÅ©ng nhá»›""?",,,,,
è°ƒæƒ…,TÃ¡n tá»‰nh,1.,1.,A cÃ³ nghÄ© cÃ³ ai Ä‘Ã³ Ä‘ang rÃ¡ng tá» ra bÃ¬nh thÆ°á»ng chá»© tháº­t ra Ä‘ang thÃ­ch a thiá»‡t ko?,,,,,
è°ƒæƒ…,TÃ¡n tá»‰nh,2.,2.,Ngta nÃ³i nch há»£p lÃ  50% rung Ä‘á»™ng rá»“i Ä‘Ã³...náº¿u váº­y thÃ¬ e hÆ¡i nghi lÃ  e Ä‘i tá»›i 70% luÃ´n rá»“i Ã¡,,,,,
è°ƒæƒ…,TÃ¡n tá»‰nh,3.,3.,"A cÃ³ tá»«ng nch vá»›i ai khiáº¿n a nhÃ¬n vÃ o Ä‘t cÆ°á»i tá»§m tá»‰m hoÃ i chÆ°a nÃ¨, e Ä‘ang bá»‹ váº­y nÃ¨ ",,,,,
èº«ä½“,CÆ¡ thá»ƒ,1.,1.,A cao mÃ©t máº¥y záº¡?,,,,,
èº«ä½“,CÆ¡ thá»ƒ,1.,1.,Táº¡i má»—i láº§n nhÃ¬n hÃ¬nh a lÃ  e tháº¥y muá»‘n Ä‘á»©ng káº¿ thá»­ cho vá»«a táº§m Ã´m hÃ´ng Ã¡ kkk,,,,,
èº«ä½“,CÆ¡ thá»ƒ,2.,2.,A cÃ³ hay táº­p gym hÃ´ng Ã¡?,,,,,
èº«ä½“,CÆ¡ thá»ƒ,2.,2.,"Táº¡i nhÃ¬n tay a phong Ä‘á»™ quÃ¡, nhÃ¬n cÃ³ cÆ¡ báº¯p Ã¡...Ä‘Ã£ ghÃª hhhh",,,,,
èº«ä½“,CÆ¡ thá»ƒ,3.,3.,Vai a nhÃ¬n cÃ³ váº» rá»™ng nhaâ€¦,,,,,
èº«ä½“,CÆ¡ thá»ƒ,3.,3.,MÃ  e thÃ¬ láº¡i hay má»i ko biáº¿t cÃ³ ai cho tá»±a Ä‘á»¡ ko ta ğŸ˜š,,,,,
æ˜Ÿåº§,Cung hoÃ ng Ä‘áº¡o,1.,1.,A thuá»™c cung gÃ¬ dzáº¡?,,,,,
æ˜Ÿåº§,Cung hoÃ ng Ä‘áº¡o,1.,1.,Äá»ƒ e cÃ²n biáº¿t cÃ³ nÃªn dáº¥n thÃ¢n vÃ´ ko nÃ¨,,,,,
æ˜Ÿåº§,Cung hoÃ ng Ä‘áº¡o,1.,1.,CÃ³ ai tá»«ng nÃ³i cung cá»§a a dá»… lÃ m ngÆ°á»i khÃ¡c Ä‘á»• cÃ¡i rá»¥p k?,,,,,
æ˜Ÿåº§,Cung hoÃ ng Ä‘áº¡o,2.,2.,A thuá»™c cung gÃ¬ dzáº¡?,,,,,
æ˜Ÿåº§,Cung hoÃ ng Ä‘áº¡o,2.,2.,NgÆ°á»i cung Ä‘Ã³ cÃ³ hay rung Ä‘á»™ng nhanh hong?,,,,,
æ˜Ÿåº§,Cung hoÃ ng Ä‘áº¡o,2.,2.,E há»i Ä‘á»ƒ biáº¿t mÃ  giá»¯ khoáº£ng cÃ¡ch chá»© lá»¡ thÆ°Æ¡ng thiá»‡t thÃ¬ ai chá»‹u trÃ¡ch nhiá»‡m cho em,,,,,
æ˜Ÿåº§,Cung hoÃ ng Ä‘áº¡o,3.,3.,A thuá»™c cung gÃ¬ dzáº¡?,,,,,
æ˜Ÿåº§,Cung hoÃ ng Ä‘áº¡o,3.,3.,Ngta hay nÃ³i cung cá»§a e há»£p vá»›i cung cá»§a a Ã¡ nha,,,,,
æ˜Ÿåº§,Cung hoÃ ng Ä‘áº¡o,3.,3.,MÃ  ko biáº¿t cÃ³ pháº£i do cung há»£p hay do lÃ²ng em nghiÃªng vá» a trÆ°á»›c ná»¯a hhhh,,,,,
ç¾é£Ÿ,áº¨m thá»±c,1.,1.,A thÃ­ch mÃ³n Ã‚u xá»‹n hay mÃ³n Ã dÃ¢n dÃ£ hÆ¡n?,,,,,
ç¾é£Ÿ,áº¨m thá»±c,1.,1.,"E thÃ¬ mÃª phá»Ÿ, bÃºn bÃ², há»§ tiáº¿u nhÆ°ng náº¿u a thÃ­ch gÃ¬ Ä‘á»ƒ e follow kkk",,,,,
ç¾é£Ÿ,áº¨m thá»±c,1.,1.,A hay Äƒn trÆ°a nhanh láº¹ hay thÃ­ch háº¹n Ä‘á»“ng nghiá»‡p Ä‘i cf + Äƒn nháº¹ Ä‘á»ƒ chill xÃ­u?,,,,,
ç¾é£Ÿ,áº¨m thá»±c,1.,1.,Náº¿u Ä‘i vs e thÃ¬ a sáº½ rá»§ e Äƒn mÃ³n gÃ¬ cho Ä‘Ã£ cÃ¡i nÆ° záº­y...,,,,,
ç¾é£Ÿ,áº¨m thá»±c,2.,2.,A cÃ³ quan tÃ¢m tá»›i healthy food khÃ´ng?,,,,,
ç¾é£Ÿ,áº¨m thá»±c,2.,2.,Náº¿u cÃ³ quÃ¡n má»›i má»Ÿ thÃ¬ a thÃ­ch thá»­ mÃ³n vá»‰a hÃ¨ hay tráº£i nghiá»‡m Ä‘á»“ Ã‚u sang cháº£nh hÆ¡n?,,,,,
ç¾é£Ÿ,áº¨m thá»±c,2.,2.,E note láº¡i Ä‘á»ƒ mai má»‘t dáº«n a Ä‘i khÃ¡m phÃ¡ áº©m thá»±c hehehe,,,,,
ç¾é£Ÿ,áº¨m thá»±c,2.,2.,Náº¿u Ä‘i vs e thÃ¬ a sáº½ rá»§ e Äƒn mÃ³n gÃ¬ cho Ä‘Ã£ cÃ¡i nÆ° záº­y...,,,,,
ç¾é£Ÿ,áº¨m thá»±c,3.,3.,"A thÃ­ch Äƒn sÃ¡ng mÃ³n nhanh gá»n hay thÃ­ch quÃ¡n bÃ¡nh cuá»‘n, bÃºn bÃ² , phá»Ÿ, cÆ¡m cho no",,,,,
ç¾é£Ÿ,áº¨m thá»±c,3.,3.,Bth a hay thÃ­ch Äƒn mÃ³n nÆ°á»›c hay mÃ³n khÃ´ hÆ¡n?,,,,,
ç¾é£Ÿ,áº¨m thá»±c,3.,3.,A hay Ä‘i Äƒn váº·t Ä‘Ãªm khuya hÃ´ng...e hay thÃ¨m Äƒn vÃ o ban Ä‘Ãªm nÃªn tÄƒng cÃ¢n rá»“i nÃ¨ ,,,,,
ç¾é£Ÿ,áº¨m thá»±c,3.,3.,Náº¿u Ä‘i vs e thÃ¬ a sáº½ rá»§ e Äƒn mÃ³n gÃ¬ cho Ä‘Ã£ cÃ¡i nÆ° záº­y...,,,,,
æ—…æ¸¸,Du lá»‹ch,1.,1.,A hay book tour hay tá»± lÃªn lá»‹ch tá»± do?,,,,,
æ—…æ¸¸,Du lá»‹ch,1.,1.,Äi chÆ¡i thÃ¬ a thÃ­ch á»Ÿ resort xá»‹n xÃ² hay homestay cho gáº§n gá»§i vá»›i thiÃªn nhiÃªn záº­y,,,,,
æ—…æ¸¸,Du lá»‹ch,1.,1.,A mÃª ngáº¯m bÃ¬nh minh hay sÄƒn sao Ä‘Ãªm hÆ¡n?,,,,,
æ—…æ¸¸,Du lá»‹ch,1.,1.,Náº¿u bÃ¢y giá» e vs a Ä‘i du lá»‹ch 1 tuáº§n thÃ¬ a sáº½ Ä‘Æ°a e Ä‘i Ä‘Ã¢u nÃ¨,,,,,
æ—…æ¸¸,Du lá»‹ch,2.,2.,A thÃ­ch Ä‘i biá»ƒn hay leo nÃºi hÆ¡n?,,,,,
æ—…æ¸¸,Du lá»‹ch,2.,2.,"Náº¿u chá»n Ä‘i biá»ƒn, a mÃª táº¯m lÃºc bÃ¬nh minh hay ngáº¯m hoÃ ng hÃ´n?",,,,,
æ—…æ¸¸,Du lá»‹ch,2.,2.,A hay Ä‘i xa cáº£ tuáº§n hay chá»‰ vi vu Ä‘Æ°á»£c 1-2 ngÃ y cuá»‘i tuáº§n thÃ´i?,,,,,
æ—…æ¸¸,Du lá»‹ch,2.,2.,Náº¿u bÃ¢y giá» e vs a Ä‘i du lá»‹ch 1 tuáº§n thÃ¬ a sáº½ Ä‘Æ°a e Ä‘i Ä‘Ã¢u nÃ¨,,,,,
æ—…æ¸¸,Du lá»‹ch,3.,3.,A cÃ³ thÃ­ch Ä‘i phÆ°á»£t xe mÃ¡y ko?,,,,,
æ—…æ¸¸,Du lá»‹ch,3.,3.,TrÃªn Ä‘Æ°á»ng Ä‘i cÃ³ mÃ³n Äƒn váº·t nÃ o a nháº¥t Ä‘á»‹nh pháº£i ghÃ© ko?,,,,,
æ—…æ¸¸,Du lá»‹ch,3.,3.,A cÃ³ tá»«ng dá»«ng chÃ¢n á»Ÿ quÃ¡n ven Ä‘Æ°á»ng mÃ  bÃ¢Ìt ngÆ¡Ì€ phÃ¡t hiá»‡n view Ä‘á»‰nh cá»§a Ä‘á»‰nh chÆ°a?,,,,,
æ—…æ¸¸,Du lá»‹ch,3.,3.,Náº¿u bÃ¢y giá» e vs a Ä‘i du lá»‹ch 1 tuáº§n thÃ¬ a sáº½ Ä‘Æ°a e Ä‘i Ä‘Ã¢u nÃ¨,,,,,
ç”µå½±,Phim áº£nh,1.,1.,A mÃª phim thá»ƒ loáº¡i nÃ o nháº¥t záº­y...hÃ i hÆ°á»›c tÃ¬nh cáº£m hay kinh dá»‹ Ã¡,,,,,
ç”µå½±,Phim áº£nh,1.,1.,Phim gáº§n Ä‘Ã¢y xem cÃ³ suáº¥t nÃ o gÃ¢y Ã¡m áº£nh vá»›i a hÃ´ng?,,,,,
ç”µå½±,Phim áº£nh,1.,1.,Náº¿u háº¹n nhau xem phim thÃ¬ a thÃ­ch style ngá»“i ráº¡p hay xem á»Ÿ nhÃ  cho thoáº£i mÃ¡i?,,,,,
ç”µå½±,Phim áº£nh,2.,2.,A cÃ³ xem phim Láº­t máº·t 8 chÆ°a..cÃ³ LÃª Tuáº¥n Khang vui láº¯m,,,,,
ç”µå½±,Phim áº£nh,2.,2.,MÃ  a thÃ­ch xem phim VN hay phim nÆ°á»›c ngoÃ i hÆ¡n?,,,,,
ç”µå½±,Phim áº£nh,2.,2.,A nghÄ© tá»¥i mÃ¬nh nÃªn coi chung phim nÃ o cho vá»«a hay vá»«a cÃ³ cá»› tÃ¢m sá»±?,,,,,
ç”µå½±,Phim áº£nh,3.,3.,A cÃ³ xem máº¥y clip ngáº¯n trÃªn TikTok ko..e tháº¥y cÃ³ máº¥y cÃ¡i cÅ©ng hay láº¯m Ã¡,,,,,
ç”µå½±,Phim áº£nh,3.,3.,E hay coi máº¥y clip review phim mÃ  náº¿u a review cÃ¹ng e thÃ¬ hay hÆ¡n nhiá»u Ã¡ kkkk,,,,,
ç”µå½±,Phim áº£nh,3.,3.,"Láº§n sau e rá»§ a xem review chung vá»›i e nhÃ©n, a cÃ³ tá»« chá»‘i hÃ´ng Ä‘Ã³",,,,,
æ„Ÿæƒ…ç»å†,Tráº£i nghiá»‡m tÃ¬nh cáº£m,1.,1.,A cÃ²n nhá»› láº§n Ä‘áº§u tiÃªn rung Ä‘á»™ng vá»›i ai hÃ´ng?,,,,,
æ„Ÿæƒ…ç»å†,Tráº£i nghiá»‡m tÃ¬nh cáº£m,1.,1.,Khi Ä‘Ã³ ngta lÃ m gÃ¬ mÃ  khiáº¿n tim a loáº¡n nhá»‹p hay dáº¡?,,,,,
æ„Ÿæƒ…ç»å†,Tráº£i nghiá»‡m tÃ¬nh cáº£m,1.,1.,"Náº¿u e cÅ©ng lÃ m a rung Ä‘á»™ng láº§n ná»¯a, a cÃ³ cho e cÆ¡ há»™i k?",,,,,
æ„Ÿæƒ…ç»å†,Tráº£i nghiá»‡m tÃ¬nh cáº£m,1.,1.,A nghÄ© tháº¿ nÃ o náº¿u e nÃ³i thÃ­ch a,,,,,
æ„Ÿæƒ…ç»å†,Tráº£i nghiá»‡m tÃ¬nh cáº£m,2.,2.,A cÃ³ tá»«ng Ä‘Æ°á»£c ai viáº¿t thÆ° tay hay tin nháº¯n dÃ i dÃ²ng chÆ°a?,,,,,
æ„Ÿæƒ…ç»å†,Tráº£i nghiá»‡m tÃ¬nh cáº£m,2.,2.,A thÃ­ch style lÃ£ng máº¡n cá»• Ä‘iá»ƒn hay hiá»‡n Ä‘áº¡i hÆ¡n ,,,,,
æ„Ÿæƒ…ç»å†,Tráº£i nghiá»‡m tÃ¬nh cáº£m,2.,2.,A cÃ³ tá»«ng thá»­ táº¡m dá»«ng liÃªn láº¡c Ä‘á»ƒ xem ngta cÃ³ nhá»› mÃ¬nh k chÆ°a?,,,,,
æ„Ÿæƒ…ç»å†,Tráº£i nghiá»‡m tÃ¬nh cáº£m,2.,2.,A nghÄ© sao vá» tÃ¬nh yÃªu xa,,,,,
æ„Ÿæƒ…ç»å†,Tráº£i nghiá»‡m tÃ¬nh cáº£m,3. ,3. ,A Ä‘Ã£ bao giá» yÃªu Ä‘Æ¡n phÆ°Æ¡ng mÃ  Ä‘au Ä‘áº¿n má»©c máº¥t ngá»§ chÆ°a?,,,,,
æ„Ÿæƒ…ç»å†,Tráº£i nghiá»‡m tÃ¬nh cáº£m,3. ,3. ,Khi chia tay a thÆ°á»ng tÃ¬m cÃ¡ch quÃªn hay giá»¯ láº¡i ká»‰ niá»‡m quÃ¡ khá»©,,,,,
æ„Ÿæƒ…ç»å†,Tráº£i nghiá»‡m tÃ¬nh cáº£m,3. ,3. ,A cÃ³ thÃ­ch yÃªu ng má»›i theo cÃ¡ch a Ä‘Ã£ tá»«ng yÃªu ng cÅ© chÆ°a?,,,,,
æ„Ÿæƒ…ç»å†,Tráº£i nghiá»‡m tÃ¬nh cáº£m,3. ,3. ,Náº¿u bÃ¢y giá» a vÃ  e yÃªu nhau thÃ¬ a sáº½ yÃªu e tháº­t lÃ²ng tháº­t dáº¡ chá»© ,,,,,